dialogues: reponse automatique OUI
sonde installee sur _compute_valid_blocks_kernel
08:28:52 | INFO |    [Block 48] Mining returned 0 strategies.
08:28:53 | INFO |    [Block 9] Mining found 240 strategies.
08:28:53 | INFO |    [Block 9] Running screening on 240 strategies...
08:28:53 | INFO | Running robustness tests on 240 strategies (ThreadPoolExecutor with 4 workers)...
08:29:18 | WARNING | [ROBUSTNESS] Dropped non-finite score for strategy 9000: inf
08:29:18 | WARNING | [ROBUSTNESS] Dropped non-finite score for strategy 9001: inf
08:29:18 | WARNING | [ROBUSTNESS] Dropped non-finite score for strategy 9002: inf
08:29:18 | WARNING | [ROBUSTNESS] Dropped non-finite score for strategy 9003: inf
08:29:18 | WARNING | [ROBUSTNESS] Dropped non-finite score for strategy 9004: inf
08:29:18 | WARNING | [ROBUSTNESS] Dropped non-finite score for strategy 9005: inf
08:29:18 | WARNING | [ROBUSTNESS] Dropped non-finite score for strategy 9006: inf
08:29:18 | WARNING | [ROBUSTNESS] Dropped non-finite score for strategy 9007: inf
08:29:18 | WARNING | [ROBUSTNESS] Dropped non-finite score for strategy 9008: inf
08:29:18 | WARNING | [ROBUSTNESS] Dropped non-finite score for strategy 9009: inf
08:29:18 | WARNING | [ROBUSTNESS] Dropped non-finite score for strategy 9010: inf
08:29:18 | WARNING | [ROBUSTNESS] Dropped non-finite score for strategy 9011: inf
08:29:18 | WARNING | [ROBUSTNESS] Dropped non-finite score for strategy 9012: inf
08:29:18 | WARNING | [ROBUSTNESS] Dropped non-finite score for strategy 9013: inf
08:29:18 | WARNING | [ROBUSTNESS] Dropped non-finite score for strategy 9014: inf
08:29:18 | WARNING | [ROBUSTNESS] Dropped non-finite score for strategy 9015: inf
08:29:18 | WARNING | [ROBUSTNESS] Dropped non-finite score for strategy 9016: inf
08:29:18 | WARNING | [ROBUSTNESS] Dropped non-finite score for strategy 9017: inf
08:29:18 | WARNING | [ROBUSTNESS] Dropped non-finite score for strategy 9018: inf
08:29:18 | WARNING | [ROBUSTNESS] Dropped non-finite score for strategy 9019: inf
08:29:18 | WARNING | [ROBUSTNESS] Dropped non-finite score for strategy 9020: inf
08:29:18 | WARNING | [ROBUSTNESS] Dropped non-finite score for strategy 9021: inf
08:29:18 | WARNING | [ROBUSTNESS] Dropped non-finite score for strategy 9022: inf
08:29:18 | WARNING | [ROBUSTNESS] Dropped non-finite score for strategy 9023: inf
08:29:18 | WARNING | [ROBUSTNESS] Dropped non-finite score for strategy 9024: inf
08:29:18 | WARNING | [ROBUSTNESS] Dropped non-finite score for strategy 9025: inf
08:29:18 | WARNING | [ROBUSTNESS] Dropped non-finite score for strategy 9026: inf
08:29:18 | WARNING | [ROBUSTNESS] Dropped non-finite score for strategy 9027: inf
08:29:18 | WARNING | [ROBUSTNESS] Dropped non-finite score for strategy 9028: inf
08:29:18 | WARNING | [ROBUSTNESS] Dropped non-finite score for strategy 9029: inf
08:29:18 | WARNING | [ROBUSTNESS] Dropped non-finite score for strategy 9030: inf
08:29:18 | WARNING | [ROBUSTNESS] Dropped non-finite score for strategy 9031: inf
08:29:18 | WARNING | [ROBUSTNESS] Dropped non-finite score for strategy 9033: inf
08:29:18 | WARNING | [ROBUSTNESS] Dropped non-finite score for strategy 9034: inf
08:29:18 | WARNING | [ROBUSTNESS] Dropped non-finite score for strategy 9035: inf
08:29:18 | WARNING | [ROBUSTNESS] Dropped non-finite score for strategy 9036: inf
08:29:18 | WARNING | [ROBUSTNESS] Dropped non-finite score for strategy 9038: inf
08:29:18 | WARNING | [ROBUSTNESS] Dropped non-finite score for strategy 9039: inf
08:29:18 | WARNING | [ROBUSTNESS] Dropped non-finite score for strategy 9040: inf
08:29:18 | WARNING | [ROBUSTNESS] Dropped non-finite score for strategy 9041: inf
08:29:18 | WARNING | [ROBUSTNESS] Dropped non-finite score for strategy 9042: inf
08:29:18 | WARNING | [ROBUSTNESS] Dropped non-finite score for strategy 9043: inf
08:29:18 | WARNING | [ROBUSTNESS] Dropped non-finite score for strategy 9044: inf
08:29:18 | WARNING | [ROBUSTNESS] Dropped non-finite score for strategy 9045: inf
08:29:18 | WARNING | [ROBUSTNESS] Dropped non-finite score for strategy 9046: inf
08:29:18 | WARNING | [ROBUSTNESS] Dropped non-finite score for strategy 9047: inf
08:29:18 | WARNING | [ROBUSTNESS] Dropped non-finite score for strategy 9048: inf
08:29:18 | WARNING | [ROBUSTNESS] Dropped non-finite score for strategy 9049: inf
08:29:18 | WARNING | [ROBUSTNESS] Dropped non-finite score for strategy 9050: inf
08:29:18 | WARNING | [ROBUSTNESS] Dropped non-finite score for strategy 9051: inf
08:29:18 | WARNING | [ROBUSTNESS] Dropped non-finite score for strategy 9052: inf
08:29:18 | WARNING | [ROBUSTNESS] Dropped non-finite score for strategy 9053: inf
08:29:18 | WARNING | [ROBUSTNESS] Dropped non-finite score for strategy 9054: inf
08:29:18 | WARNING | [ROBUSTNESS] Dropped non-finite score for strategy 9055: inf
08:29:18 | WARNING | [ROBUSTNESS] Dropped non-finite score for strategy 9056: inf
08:29:18 | WARNING | [ROBUSTNESS] Dropped non-finite score for strategy 9057: inf
08:29:18 | WARNING | [ROBUSTNESS] Dropped non-finite score for strategy 9058: inf
08:29:18 | WARNING | [ROBUSTNESS] Dropped non-finite score for strategy 9059: inf
08:29:18 | WARNING | [ROBUSTNESS] Dropped non-finite score for strategy 9060: inf
08:29:18 | WARNING | [ROBUSTNESS] Dropped non-finite score for strategy 9061: inf
08:29:18 | WARNING | [ROBUSTNESS] Dropped non-finite score for strategy 9062: inf
08:29:18 | WARNING | [ROBUSTNESS] Dropped non-finite score for strategy 9063: inf
08:29:18 | WARNING | [ROBUSTNESS] Dropped non-finite score for strategy 9064: inf
08:29:18 | WARNING | [ROBUSTNESS] Dropped non-finite score for strategy 9065: inf
08:29:18 | WARNING | [ROBUSTNESS] Dropped non-finite score for strategy 9066: inf
08:29:18 | WARNING | [ROBUSTNESS] Dropped non-finite score for strategy 9067: inf
08:29:18 | WARNING | [ROBUSTNESS] Dropped non-finite score for strategy 9068: inf
08:29:18 | WARNING | [ROBUSTNESS] Dropped non-finite score for strategy 9069: inf
08:29:18 | WARNING | [ROBUSTNESS] Dropped non-finite score for strategy 9070: inf
08:29:18 | WARNING | [ROBUSTNESS] Dropped non-finite score for strategy 9071: inf
08:29:18 | WARNING | [ROBUSTNESS] Dropped non-finite score for strategy 9073: inf
08:29:18 | WARNING | [ROBUSTNESS] Dropped non-finite score for strategy 9074: inf
08:29:18 | WARNING | [ROBUSTNESS] Dropped non-finite score for strategy 9075: inf
08:29:18 | WARNING | [ROBUSTNESS] Dropped non-finite score for strategy 9076: inf
08:29:18 | WARNING | [ROBUSTNESS] Dropped non-finite score for strategy 9077: inf
08:29:18 | WARNING | [ROBUSTNESS] Dropped non-finite score for strategy 9078: inf
08:29:18 | WARNING | [ROBUSTNESS] Dropped non-finite score for strategy 9079: inf
08:29:18 | WARNING | [ROBUSTNESS] Dropped non-finite score for strategy 9100: inf
08:29:18 | WARNING | [ROBUSTNESS] Dropped non-finite score for strategy 9101: inf
08:29:18 | WARNING | [ROBUSTNESS] Dropped non-finite score for strategy 9102: inf
08:29:18 | WARNING | [ROBUSTNESS] Dropped non-finite score for strategy 9103: inf
08:29:18 | WARNING | [ROBUSTNESS] Dropped non-finite score for strategy 9104: inf
08:29:18 | WARNING | [ROBUSTNESS] Dropped non-finite score for strategy 9105: inf
08:29:18 | WARNING | [ROBUSTNESS] Dropped non-finite score for strategy 9106: inf
08:29:18 | WARNING | [ROBUSTNESS] Dropped non-finite score for strategy 9107: inf
08:29:18 | WARNING | [ROBUSTNESS] Dropped non-finite score for strategy 9108: inf
08:29:18 | WARNING | [ROBUSTNESS] Dropped non-finite score for strategy 9109: inf
08:29:18 | WARNING | [ROBUSTNESS] Dropped non-finite score for strategy 9110: inf
08:29:18 | WARNING | [ROBUSTNESS] Dropped non-finite score for strategy 9111: inf
08:29:18 | WARNING | [ROBUSTNESS] Dropped non-finite score for strategy 9112: inf
08:29:18 | WARNING | [ROBUSTNESS] Dropped non-finite score for strategy 9113: inf
08:29:18 | WARNING | [ROBUSTNESS] Dropped non-finite score for strategy 9114: inf
08:29:18 | WARNING | [ROBUSTNESS] Dropped non-finite score for strategy 9115: inf
08:29:18 | WARNING | [ROBUSTNESS] Dropped non-finite score for strategy 9116: inf
08:29:18 | WARNING | [ROBUSTNESS] Dropped non-finite score for strategy 9117: inf
08:29:18 | WARNING | [ROBUSTNESS] Dropped non-finite score for strategy 9118: inf
08:29:18 | WARNING | [ROBUSTNESS] Dropped non-finite score for strategy 9119: inf
08:29:18 | WARNING | [ROBUSTNESS] Dropped non-finite score for strategy 9120: inf
08:29:18 | WARNING | [ROBUSTNESS] Dropped non-finite score for strategy 9121: inf
08:29:18 | WARNING | [ROBUSTNESS] Dropped non-finite score for strategy 9122: inf
08:29:18 | WARNING | [ROBUSTNESS] Dropped non-finite score for strategy 9124: inf
08:29:18 | WARNING | [ROBUSTNESS] Dropped non-finite score for strategy 9125: inf
08:29:18 | WARNING | [ROBUSTNESS] Dropped non-finite score for strategy 9126: inf
08:29:18 | WARNING | [ROBUSTNESS] Dropped non-finite score for strategy 9127: inf
08:29:18 | WARNING | [ROBUSTNESS] Dropped non-finite score for strategy 9130: inf
08:29:18 | WARNING | [ROBUSTNESS] Dropped non-finite score for strategy 9131: inf
08:29:18 | WARNING | [ROBUSTNESS] Dropped non-finite score for strategy 9132: inf
08:29:18 | WARNING | [ROBUSTNESS] Dropped non-finite score for strategy 9133: inf
08:29:18 | WARNING | [ROBUSTNESS] Dropped non-finite score for strategy 9134: inf
08:29:18 | WARNING | [ROBUSTNESS] Dropped non-finite score for strategy 9135: inf
08:29:18 | WARNING | [ROBUSTNESS] Dropped non-finite score for strategy 9136: inf
08:29:18 | WARNING | [ROBUSTNESS] Dropped non-finite score for strategy 9137: inf
08:29:18 | WARNING | [ROBUSTNESS] Dropped non-finite score for strategy 9138: inf
08:29:18 | WARNING | [ROBUSTNESS] Dropped non-finite score for strategy 9140: inf
08:29:18 | WARNING | [ROBUSTNESS] Dropped non-finite score for strategy 9141: inf
08:29:18 | WARNING | [ROBUSTNESS] Dropped non-finite score for strategy 9143: inf
08:29:18 | WARNING | [ROBUSTNESS] Dropped non-finite score for strategy 9144: inf
08:29:18 | WARNING | [ROBUSTNESS] Dropped non-finite score for strategy 9145: inf
08:29:18 | WARNING | [ROBUSTNESS] Dropped non-finite score for strategy 9146: inf
08:29:18 | WARNING | [ROBUSTNESS] Dropped non-finite score for strategy 9147: inf
08:29:18 | WARNING | [ROBUSTNESS] Dropped non-finite score for strategy 9148: inf
08:29:18 | WARNING | [ROBUSTNESS] Dropped non-finite score for strategy 9150: inf
08:29:18 | WARNING | [ROBUSTNESS] Dropped non-finite score for strategy 9152: inf
08:29:18 | WARNING | [ROBUSTNESS] Dropped non-finite score for strategy 9153: inf
08:29:18 | WARNING | [ROBUSTNESS] Dropped non-finite score for strategy 9154: inf
08:29:18 | WARNING | [ROBUSTNESS] Dropped non-finite score for strategy 9155: inf
08:29:18 | WARNING | [ROBUSTNESS] Dropped non-finite score for strategy 9158: inf
08:29:18 | WARNING | [ROBUSTNESS] Dropped non-finite score for strategy 9159: inf
08:29:18 | WARNING | [ROBUSTNESS] Dropped non-finite score for strategy 9160: inf
08:29:18 | WARNING | [ROBUSTNESS] Dropped non-finite score for strategy 9161: inf
08:29:18 | WARNING | [ROBUSTNESS] Dropped non-finite score for strategy 9162: inf
08:29:18 | WARNING | [ROBUSTNESS] Dropped non-finite score for strategy 9163: inf
08:29:18 | WARNING | [ROBUSTNESS] Dropped non-finite score for strategy 9164: inf
08:29:18 | WARNING | [ROBUSTNESS] Dropped non-finite score for strategy 9165: inf
08:29:18 | WARNING | [ROBUSTNESS] Dropped non-finite score for strategy 9166: inf
08:29:18 | WARNING | [ROBUSTNESS] Dropped non-finite score for strategy 9168: inf
08:29:18 | WARNING | [ROBUSTNESS] Dropped non-finite score for strategy 9169: inf
08:29:18 | WARNING | [ROBUSTNESS] Dropped non-finite score for strategy 9170: inf
08:29:18 | WARNING | [ROBUSTNESS] Dropped non-finite score for strategy 9172: inf
08:29:18 | WARNING | [ROBUSTNESS] Dropped non-finite score for strategy 9173: inf
08:29:18 | WARNING | [ROBUSTNESS] Dropped non-finite score for strategy 9174: inf
08:29:18 | WARNING | [ROBUSTNESS] Dropped non-finite score for strategy 9175: inf
08:29:18 | WARNING | [ROBUSTNESS] Dropped non-finite score for strategy 9176: inf
08:29:18 | WARNING | [ROBUSTNESS] Dropped non-finite score for strategy 9177: inf
08:29:18 | WARNING | [ROBUSTNESS] Dropped non-finite score for strategy 9178: inf
08:29:18 | WARNING | [ROBUSTNESS] Dropped non-finite score for strategy 9179: inf
08:29:18 | WARNING | [ROBUSTNESS] Dropped non-finite score for strategy 9200: inf
08:29:18 | WARNING | [ROBUSTNESS] Dropped non-finite score for strategy 9201: inf
08:29:18 | WARNING | [ROBUSTNESS] Dropped non-finite score for strategy 9202: inf
08:29:18 | WARNING | [ROBUSTNESS] Dropped non-finite score for strategy 9203: inf
08:29:18 | WARNING | [ROBUSTNESS] Dropped non-finite score for strategy 9204: inf
08:29:18 | WARNING | [ROBUSTNESS] Dropped non-finite score for strategy 9205: inf
08:29:18 | WARNING | [ROBUSTNESS] Dropped non-finite score for strategy 9206: inf
08:29:18 | WARNING | [ROBUSTNESS] Dropped non-finite score for strategy 9207: inf
08:29:18 | WARNING | [ROBUSTNESS] Dropped non-finite score for strategy 9208: inf
08:29:18 | WARNING | [ROBUSTNESS] Dropped non-finite score for strategy 9209: inf
08:29:18 | WARNING | [ROBUSTNESS] Dropped non-finite score for strategy 9210: inf
08:29:18 | WARNING | [ROBUSTNESS] Dropped non-finite score for strategy 9211: inf
08:29:18 | WARNING | [ROBUSTNESS] Dropped non-finite score for strategy 9212: inf
08:29:18 | WARNING | [ROBUSTNESS] Dropped non-finite score for strategy 9213: inf
08:29:18 | WARNING | [ROBUSTNESS] Dropped non-finite score for strategy 9214: inf
08:29:18 | WARNING | [ROBUSTNESS] Dropped non-finite score for strategy 9215: inf
08:29:18 | WARNING | [ROBUSTNESS] Dropped non-finite score for strategy 9216: inf
08:29:18 | WARNING | [ROBUSTNESS] Dropped non-finite score for strategy 9217: inf
08:29:18 | WARNING | [ROBUSTNESS] Dropped non-finite score for strategy 9218: inf
08:29:18 | WARNING | [ROBUSTNESS] Dropped non-finite score for strategy 9219: inf
08:29:18 | WARNING | [ROBUSTNESS] Dropped non-finite score for strategy 9220: inf
08:29:18 | WARNING | [ROBUSTNESS] Dropped non-finite score for strategy 9221: inf
08:29:18 | WARNING | [ROBUSTNESS] Dropped non-finite score for strategy 9222: inf
08:29:18 | WARNING | [ROBUSTNESS] Dropped non-finite score for strategy 9223: inf
08:29:18 | WARNING | [ROBUSTNESS] Dropped non-finite score for strategy 9224: inf
08:29:18 | WARNING | [ROBUSTNESS] Dropped non-finite score for strategy 9225: inf
08:29:18 | WARNING | [ROBUSTNESS] Dropped non-finite score for strategy 9226: inf
08:29:18 | WARNING | [ROBUSTNESS] Dropped non-finite score for strategy 9227: inf
08:29:18 | WARNING | [ROBUSTNESS] Dropped non-finite score for strategy 9228: inf
08:29:18 | WARNING | [ROBUSTNESS] Dropped non-finite score for strategy 9229: inf
08:29:18 | WARNING | [ROBUSTNESS] Dropped non-finite score for strategy 9230: inf
08:29:18 | WARNING | [ROBUSTNESS] Dropped non-finite score for strategy 9231: inf
08:29:18 | WARNING | [ROBUSTNESS] Dropped non-finite score for strategy 9233: inf
08:29:18 | WARNING | [ROBUSTNESS] Dropped non-finite score for strategy 9234: inf
08:29:18 | WARNING | [ROBUSTNESS] Dropped non-finite score for strategy 9235: inf
08:29:18 | WARNING | [ROBUSTNESS] Dropped non-finite score for strategy 9236: inf
08:29:18 | WARNING | [ROBUSTNESS] Dropped non-finite score for strategy 9238: inf
08:29:18 | WARNING | [ROBUSTNESS] Dropped non-finite score for strategy 9239: inf
08:29:18 | WARNING | [ROBUSTNESS] Dropped non-finite score for strategy 9240: inf
08:29:18 | WARNING | [ROBUSTNESS] Dropped non-finite score for strategy 9241: inf
08:29:18 | WARNING | [ROBUSTNESS] Dropped non-finite score for strategy 9242: inf
08:29:18 | WARNING | [ROBUSTNESS] Dropped non-finite score for strategy 9243: inf
08:29:18 | WARNING | [ROBUSTNESS] Dropped non-finite score for strategy 9244: inf
08:29:18 | WARNING | [ROBUSTNESS] Dropped non-finite score for strategy 9245: inf
08:29:18 | WARNING | [ROBUSTNESS] Dropped non-finite score for strategy 9246: inf
08:29:18 | WARNING | [ROBUSTNESS] Dropped non-finite score for strategy 9247: inf
08:29:18 | WARNING | [ROBUSTNESS] Dropped non-finite score for strategy 9248: inf
08:29:18 | WARNING | [ROBUSTNESS] Dropped non-finite score for strategy 9249: inf
08:29:18 | WARNING | [ROBUSTNESS] Dropped non-finite score for strategy 9250: inf
08:29:18 | WARNING | [ROBUSTNESS] Dropped non-finite score for strategy 9251: inf
08:29:18 | WARNING | [ROBUSTNESS] Dropped non-finite score for strategy 9252: inf
08:29:18 | WARNING | [ROBUSTNESS] Dropped non-finite score for strategy 9253: inf
08:29:18 | WARNING | [ROBUSTNESS] Dropped non-finite score for strategy 9254: inf
08:29:18 | WARNING | [ROBUSTNESS] Dropped non-finite score for strategy 9255: inf
08:29:18 | WARNING | [ROBUSTNESS] Dropped non-finite score for strategy 9256: inf
08:29:18 | WARNING | [ROBUSTNESS] Dropped non-finite score for strategy 9257: inf
08:29:18 | WARNING | [ROBUSTNESS] Dropped non-finite score for strategy 9258: inf
08:29:18 | WARNING | [ROBUSTNESS] Dropped non-finite score for strategy 9259: inf
08:29:18 | WARNING | [ROBUSTNESS] Dropped non-finite score for strategy 9260: inf
08:29:18 | WARNING | [ROBUSTNESS] Dropped non-finite score for strategy 9261: inf
08:29:18 | WARNING | [ROBUSTNESS] Dropped non-finite score for strategy 9262: inf
08:29:18 | WARNING | [ROBUSTNESS] Dropped non-finite score for strategy 9263: inf
08:29:18 | WARNING | [ROBUSTNESS] Dropped non-finite score for strategy 9264: inf
08:29:18 | WARNING | [ROBUSTNESS] Dropped non-finite score for strategy 9265: inf
08:29:18 | WARNING | [ROBUSTNESS] Dropped non-finite score for strategy 9266: inf
08:29:18 | WARNING | [ROBUSTNESS] Dropped non-finite score for strategy 9267: inf
08:29:18 | WARNING | [ROBUSTNESS] Dropped non-finite score for strategy 9268: inf
08:29:18 | WARNING | [ROBUSTNESS] Dropped non-finite score for strategy 9269: inf
08:29:18 | WARNING | [ROBUSTNESS] Dropped non-finite score for strategy 9270: inf
08:29:18 | WARNING | [ROBUSTNESS] Dropped non-finite score for strategy 9271: inf
08:29:18 | WARNING | [ROBUSTNESS] Dropped non-finite score for strategy 9273: inf
08:29:18 | WARNING | [ROBUSTNESS] Dropped non-finite score for strategy 9274: inf
08:29:18 | WARNING | [ROBUSTNESS] Dropped non-finite score for strategy 9275: inf
08:29:18 | WARNING | [ROBUSTNESS] Dropped non-finite score for strategy 9276: inf
08:29:18 | WARNING | [ROBUSTNESS] Dropped non-finite score for strategy 9277: inf
08:29:18 | WARNING | [ROBUSTNESS] Dropped non-finite score for strategy 9278: inf
08:29:18 | WARNING | [ROBUSTNESS] Dropped non-finite score for strategy 9279: inf
08:29:18 | INFO | [ROBUSTNESS] Consensus ranking enabled (pre-elite, top_k=12, seeds=[41, 42, 43], mode=mean_std, runs=150)
08:29:30 | INFO | [ROBUSTNESS] Consensus re-scored strategies: 1/17 (pre-elite).
08:29:30 | INFO | [ROBUSTNESS] Family diversity reordering applied (top_k=12, max_per_family=4).
08:29:30 | INFO | [ELITE] Round 1/2: generated=120 parents=10 rank10_nominal=0.031650 target=0.031650
08:29:33 | INFO | [ELITE] Round 1: full_eval=36.
08:29:35 | INFO | [ELITE] Round 1: no candidate beat nominal threshold.
08:29:35 | INFO | [ELITE] No candidate added across all rounds.
08:29:35 | INFO | \U0001f3c6 Best Strategy ID: 9156 (THICKNESS²) - Score: 0.07784
08:29:35 | INFO |    [Block 9] Screening complete. Results count: 17
08:29:35 | INFO |    [Block 9] Full pass on 6 survivors (n_full=150)...
08:29:35 | INFO | Running robustness tests on 6 strategies (ThreadPoolExecutor with 4 workers)...
08:29:37 | WARNING | [ROBUSTNESS] Dropped non-finite score for strategy 9156: inf
08:29:37 | WARNING | [ROBUSTNESS] Dropped non-finite score for strategy 9232: inf
08:29:37 | WARNING | [ROBUSTNESS] Dropped non-finite score for strategy 9157: inf
08:29:37 | WARNING | [ROBUSTNESS] Dropped non-finite score for strategy 9167: inf
08:29:37 | WARNING | [ROBUSTNESS] Dropped non-finite score for strategy 9237: inf
08:29:37 | WARNING | [ROBUSTNESS] Dropped non-finite score for strategy 9139: inf
08:29:37 | ERROR | [ROBUSTNESS] \U0001f534 AUCUNE des 6 strategies ne tient sous 5% de depots non terminables. Le taux se compose sur la hauteur de l'empilement : le meilleur candidat plante dans 11.3% des tirages. On rend malgre tout le classement par risque croissant — mais AUCUNE de ces strategies n'est utilisable en l'etat, et le composant demande vraisemblablement un autre paradigme de monitoring.
08:29:37 | INFO | [ROBUSTNESS] Consensus ranking enabled (pre-elite, top_k=6, seeds=[41, 42, 43], mode=mean_std, runs=150)
08:29:42 | INFO | [ELITE] Round 1/2: generated=120 parents=6 rank10_nominal=0.046133 target=0.046133
08:29:50 | INFO | [ELITE] Round 1: full_eval=36.
08:30:00 | INFO | [ELITE] Round 1: added 2 strategy(ies) above threshold.
08:30:00 | INFO | [ROBUSTNESS] Consensus ranking enabled (post-elite-r1, top_k=8, seeds=[41, 42, 43], mode=mean_std, runs=150)
08:30:02 | INFO | [ROBUSTNESS] Consensus re-scored strategies: 2/8 (post-elite-r1).
08:30:02 | INFO | [ELITE] Round 2/2: generated=120 parents=8 rank10_nominal=0.046133 target=0.046133
08:30:09 | INFO | [ELITE] Round 2: full_eval=36.
08:30:22 | INFO | [ELITE] Round 2: added 15 strategy(ies) above threshold.
08:30:22 | INFO | [ROBUSTNESS] Consensus ranking enabled (post-elite-r2, top_k=12, seeds=[41, 42, 43], mode=mean_std, runs=150)
08:30:32 | INFO | [ROBUSTNESS] Consensus re-scored strategies: 12/23 (post-elite-r2).
08:30:32 | INFO | [ROBUSTNESS] Family diversity reordering applied (top_k=12, max_per_family=4).
08:30:32 | INFO | \U0001f3c6 Best Strategy ID: 9357 (ELITE) - Score: 0.07861
08:30:32 | INFO | [Block 9] Best strategy ready: RMSE=0.07861 blocks=9
08:30:33 | INFO |    [Block 8] Mining found 240 strategies.
08:30:33 | INFO |    [Block 8] Running screening on 240 strategies...
08:30:33 | INFO | Running robustness tests on 240 strategies (ThreadPoolExecutor with 4 workers)...
08:30:50 | WARNING | [ROBUSTNESS] Dropped non-finite score for strategy 8000: inf
08:30:50 | WARNING | [ROBUSTNESS] Dropped non-finite score for strategy 8001: inf
08:30:50 | WARNING | [ROBUSTNESS] Dropped non-finite score for strategy 8002: inf
08:30:50 | WARNING | [ROBUSTNESS] Dropped non-finite score for strategy 8003: inf
08:30:50 | WARNING | [ROBUSTNESS] Dropped non-finite score for strategy 8004: inf
08:30:50 | WARNING | [ROBUSTNESS] Dropped non-finite score for strategy 8005: inf
08:30:50 | WARNING | [ROBUSTNESS] Dropped non-finite score for strategy 8006: inf
08:30:50 | WARNING | [ROBUSTNESS] Dropped non-finite score for strategy 8007: inf
08:30:50 | WARNING | [ROBUSTNESS] Dropped non-finite score for strategy 8008: inf
08:30:50 | WARNING | [ROBUSTNESS] Dropped non-finite score for strategy 8009: inf
08:30:50 | WARNING | [ROBUSTNESS] Dropped non-finite score for strategy 8010: inf
08:30:50 | WARNING | [ROBUSTNESS] Dropped non-finite score for strategy 8011: inf
08:30:50 | WARNING | [ROBUSTNESS] Dropped non-finite score for strategy 8012: inf
08:30:50 | WARNING | [ROBUSTNESS] Dropped non-finite score for strategy 8013: inf
08:30:50 | WARNING | [ROBUSTNESS] Dropped non-finite score for strategy 8014: inf
08:30:50 | WARNING | [ROBUSTNESS] Dropped non-finite score for strategy 8015: inf
08:30:50 | WARNING | [ROBUSTNESS] Dropped non-finite score for strategy 8016: inf
08:30:50 | WARNING | [ROBUSTNESS] Dropped non-finite score for strategy 8017: inf
08:30:50 | WARNING | [ROBUSTNESS] Dropped non-finite score for strategy 8018: inf
08:30:50 | WARNING | [ROBUSTNESS] Dropped non-finite score for strategy 8019: inf
08:30:50 | WARNING | [ROBUSTNESS] Dropped non-finite score for strategy 8020: inf
08:30:50 | WARNING | [ROBUSTNESS] Dropped non-finite score for strategy 8021: inf
08:30:50 | WARNING | [ROBUSTNESS] Dropped non-finite score for strategy 8022: inf
08:30:50 | WARNING | [ROBUSTNESS] Dropped non-finite score for strategy 8023: inf
08:30:50 | WARNING | [ROBUSTNESS] Dropped non-finite score for strategy 8024: inf
08:30:50 | WARNING | [ROBUSTNESS] Dropped non-finite score for strategy 8025: inf
08:30:50 | WARNING | [ROBUSTNESS] Dropped non-finite score for strategy 8026: inf
08:30:50 | WARNING | [ROBUSTNESS] Dropped non-finite score for strategy 8027: inf
08:30:50 | WARNING | [ROBUSTNESS] Dropped non-finite score for strategy 8028: inf
08:30:50 | WARNING | [ROBUSTNESS] Dropped non-finite score for strategy 8029: inf
08:30:50 | WARNING | [ROBUSTNESS] Dropped non-finite score for strategy 8030: inf
08:30:50 | WARNING | [ROBUSTNESS] Dropped non-finite score for strategy 8031: inf
08:30:50 | WARNING | [ROBUSTNESS] Dropped non-finite score for strategy 8032: inf
08:30:50 | WARNING | [ROBUSTNESS] Dropped non-finite score for strategy 8033: inf
08:30:50 | WARNING | [ROBUSTNESS] Dropped non-finite score for strategy 8034: inf
08:30:50 | WARNING | [ROBUSTNESS] Dropped non-finite score for strategy 8035: inf
08:30:50 | WARNING | [ROBUSTNESS] Dropped non-finite score for strategy 8036: inf
08:30:50 | WARNING | [ROBUSTNESS] Dropped non-finite score for strategy 8037: inf
08:30:50 | WARNING | [ROBUSTNESS] Dropped non-finite score for strategy 8038: inf
08:30:50 | WARNING | [ROBUSTNESS] Dropped non-finite score for strategy 8039: inf
08:30:50 | WARNING | [ROBUSTNESS] Dropped non-finite score for strategy 8040: inf
08:30:50 | WARNING | [ROBUSTNESS] Dropped non-finite score for strategy 8041: inf
08:30:50 | WARNING | [ROBUSTNESS] Dropped non-finite score for strategy 8042: inf
08:30:50 | WARNING | [ROBUSTNESS] Dropped non-finite score for strategy 8043: inf
08:30:50 | WARNING | [ROBUSTNESS] Dropped non-finite score for strategy 8044: inf
08:30:50 | WARNING | [ROBUSTNESS] Dropped non-finite score for strategy 8045: inf
08:30:50 | WARNING | [ROBUSTNESS] Dropped non-finite score for strategy 8046: inf
08:30:50 | WARNING | [ROBUSTNESS] Dropped non-finite score for strategy 8047: inf
08:30:50 | WARNING | [ROBUSTNESS] Dropped non-finite score for strategy 8048: inf
08:30:50 | WARNING | [ROBUSTNESS] Dropped non-finite score for strategy 8049: inf
08:30:50 | WARNING | [ROBUSTNESS] Dropped non-finite score for strategy 8050: inf
08:30:50 | WARNING | [ROBUSTNESS] Dropped non-finite score for strategy 8051: inf
08:30:50 | WARNING | [ROBUSTNESS] Dropped non-finite score for strategy 8052: inf
08:30:50 | WARNING | [ROBUSTNESS] Dropped non-finite score for strategy 8053: inf
08:30:50 | WARNING | [ROBUSTNESS] Dropped non-finite score for strategy 8054: inf
08:30:50 | WARNING | [ROBUSTNESS] Dropped non-finite score for strategy 8055: inf
08:30:50 | WARNING | [ROBUSTNESS] Dropped non-finite score for strategy 8056: inf
08:30:50 | WARNING | [ROBUSTNESS] Dropped non-finite score for strategy 8057: inf
08:30:50 | WARNING | [ROBUSTNESS] Dropped non-finite score for strategy 8058: inf
08:30:50 | WARNING | [ROBUSTNESS] Dropped non-finite score for strategy 8059: inf
08:30:50 | WARNING | [ROBUSTNESS] Dropped non-finite score for strategy 8060: inf
08:30:50 | WARNING | [ROBUSTNESS] Dropped non-finite score for strategy 8061: inf
08:30:50 | WARNING | [ROBUSTNESS] Dropped non-finite score for strategy 8062: inf
08:30:50 | WARNING | [ROBUSTNESS] Dropped non-finite score for strategy 8063: inf
08:30:50 | WARNING | [ROBUSTNESS] Dropped non-finite score for strategy 8064: inf
08:30:50 | WARNING | [ROBUSTNESS] Dropped non-finite score for strategy 8065: inf
08:30:50 | WARNING | [ROBUSTNESS] Dropped non-finite score for strategy 8066: inf
08:30:50 | WARNING | [ROBUSTNESS] Dropped non-finite score for strategy 8067: inf
08:30:50 | WARNING | [ROBUSTNESS] Dropped non-finite score for strategy 8068: inf
08:30:50 | WARNING | [ROBUSTNESS] Dropped non-finite score for strategy 8070: inf
08:30:50 | WARNING | [ROBUSTNESS] Dropped non-finite score for strategy 8071: inf
08:30:50 | WARNING | [ROBUSTNESS] Dropped non-finite score for strategy 8072: inf
08:30:50 | WARNING | [ROBUSTNESS] Dropped non-finite score for strategy 8073: inf
08:30:50 | WARNING | [ROBUSTNESS] Dropped non-finite score for strategy 8074: inf
08:30:50 | WARNING | [ROBUSTNESS] Dropped non-finite score for strategy 8075: inf
08:30:50 | WARNING | [ROBUSTNESS] Dropped non-finite score for strategy 8076: inf
08:30:50 | WARNING | [ROBUSTNESS] Dropped non-finite score for strategy 8077: inf
08:30:50 | WARNING | [ROBUSTNESS] Dropped non-finite score for strategy 8078: inf
08:30:50 | WARNING | [ROBUSTNESS] Dropped non-finite score for strategy 8079: inf
08:30:50 | WARNING | [ROBUSTNESS] Dropped non-finite score for strategy 8103: inf
08:30:50 | WARNING | [ROBUSTNESS] Dropped non-finite score for strategy 8104: inf
08:30:50 | WARNING | [ROBUSTNESS] Dropped non-finite score for strategy 8105: inf
08:30:50 | WARNING | [ROBUSTNESS] Dropped non-finite score for strategy 8106: inf
08:30:50 | WARNING | [ROBUSTNESS] Dropped non-finite score for strategy 8112: inf
08:30:50 | WARNING | [ROBUSTNESS] Dropped non-finite score for strategy 8113: inf
08:30:50 | WARNING | [ROBUSTNESS] Dropped non-finite score for strategy 8115: inf
08:30:50 | WARNING | [ROBUSTNESS] Dropped non-finite score for strategy 8117: inf
08:30:50 | WARNING | [ROBUSTNESS] Dropped non-finite score for strategy 8118: inf
08:30:50 | WARNING | [ROBUSTNESS] Dropped non-finite score for strategy 8123: inf
08:30:50 | WARNING | [ROBUSTNESS] Dropped non-finite score for strategy 8124: inf
08:30:50 | WARNING | [ROBUSTNESS] Dropped non-finite score for strategy 8125: inf
08:30:50 | WARNING | [ROBUSTNESS] Dropped non-finite score for strategy 8126: inf
08:30:50 | WARNING | [ROBUSTNESS] Dropped non-finite score for strategy 8127: inf
08:30:50 | WARNING | [ROBUSTNESS] Dropped non-finite score for strategy 8128: inf
08:30:50 | WARNING | [ROBUSTNESS] Dropped non-finite score for strategy 8129: inf
08:30:50 | WARNING | [ROBUSTNESS] Dropped non-finite score for strategy 8130: inf
08:30:50 | WARNING | [ROBUSTNESS] Dropped non-finite score for strategy 8132: inf
08:30:50 | WARNING | [ROBUSTNESS] Dropped non-finite score for strategy 8133: inf
08:30:50 | WARNING | [ROBUSTNESS] Dropped non-finite score for strategy 8134: inf
08:30:50 | WARNING | [ROBUSTNESS] Dropped non-finite score for strategy 8135: inf
08:30:50 | WARNING | [ROBUSTNESS] Dropped non-finite score for strategy 8136: inf
08:30:50 | WARNING | [ROBUSTNESS] Dropped non-finite score for strategy 8138: inf
08:30:50 | WARNING | [ROBUSTNESS] Dropped non-finite score for strategy 8139: inf
08:30:50 | WARNING | [ROBUSTNESS] Dropped non-finite score for strategy 8140: inf
08:30:50 | WARNING | [ROBUSTNESS] Dropped non-finite score for strategy 8141: inf
08:30:50 | WARNING | [ROBUSTNESS] Dropped non-finite score for strategy 8143: inf
08:30:50 | WARNING | [ROBUSTNESS] Dropped non-finite score for strategy 8145: inf
08:30:50 | WARNING | [ROBUSTNESS] Dropped non-finite score for strategy 8147: inf
08:30:50 | WARNING | [ROBUSTNESS] Dropped non-finite score for strategy 8148: inf
08:30:50 | WARNING | [ROBUSTNESS] Dropped non-finite score for strategy 8149: inf
08:30:50 | WARNING | [ROBUSTNESS] Dropped non-finite score for strategy 8150: inf
08:30:50 | WARNING | [ROBUSTNESS] Dropped non-finite score for strategy 8154: inf
08:30:50 | WARNING | [ROBUSTNESS] Dropped non-finite score for strategy 8155: inf
08:30:50 | WARNING | [ROBUSTNESS] Dropped non-finite score for strategy 8156: inf
08:30:50 | WARNING | [ROBUSTNESS] Dropped non-finite score for strategy 8157: inf
08:30:50 | WARNING | [ROBUSTNESS] Dropped non-finite score for strategy 8159: inf
08:30:50 | WARNING | [ROBUSTNESS] Dropped non-finite score for strategy 8161: inf
08:30:50 | WARNING | [ROBUSTNESS] Dropped non-finite score for strategy 8162: inf
08:30:50 | WARNING | [ROBUSTNESS] Dropped non-finite score for strategy 8166: inf
08:30:50 | WARNING | [ROBUSTNESS] Dropped non-finite score for strategy 8167: inf
08:30:50 | WARNING | [ROBUSTNESS] Dropped non-finite score for strategy 8168: inf
08:30:50 | WARNING | [ROBUSTNESS] Dropped non-finite score for strategy 8169: inf
08:30:50 | WARNING | [ROBUSTNESS] Dropped non-finite score for strategy 8170: inf
08:30:50 | WARNING | [ROBUSTNESS] Dropped non-finite score for strategy 8172: inf
08:30:50 | WARNING | [ROBUSTNESS] Dropped non-finite score for strategy 8173: inf
08:30:50 | WARNING | [ROBUSTNESS] Dropped non-finite score for strategy 8174: inf
08:30:50 | WARNING | [ROBUSTNESS] Dropped non-finite score for strategy 8176: inf
08:30:50 | WARNING | [ROBUSTNESS] Dropped non-finite score for strategy 8178: inf
08:30:50 | WARNING | [ROBUSTNESS] Dropped non-finite score for strategy 8179: inf
08:30:50 | WARNING | [ROBUSTNESS] Dropped non-finite score for strategy 8200: inf
08:30:50 | WARNING | [ROBUSTNESS] Dropped non-finite score for strategy 8201: inf
08:30:50 | WARNING | [ROBUSTNESS] Dropped non-finite score for strategy 8202: inf
08:30:50 | WARNING | [ROBUSTNESS] Dropped non-finite score for strategy 8203: inf
08:30:50 | WARNING | [ROBUSTNESS] Dropped non-finite score for strategy 8204: inf
08:30:50 | WARNING | [ROBUSTNESS] Dropped non-finite score for strategy 8205: inf
08:30:50 | WARNING | [ROBUSTNESS] Dropped non-finite score for strategy 8206: inf
08:30:50 | WARNING | [ROBUSTNESS] Dropped non-finite score for strategy 8207: inf
08:30:50 | WARNING | [ROBUSTNESS] Dropped non-finite score for strategy 8208: inf
08:30:50 | WARNING | [ROBUSTNESS] Dropped non-finite score for strategy 8209: inf
08:30:50 | WARNING | [ROBUSTNESS] Dropped non-finite score for strategy 8210: inf
08:30:50 | WARNING | [ROBUSTNESS] Dropped non-finite score for strategy 8211: inf
08:30:50 | WARNING | [ROBUSTNESS] Dropped non-finite score for strategy 8212: inf
08:30:50 | WARNING | [ROBUSTNESS] Dropped non-finite score for strategy 8213: inf
08:30:50 | WARNING | [ROBUSTNESS] Dropped non-finite score for strategy 8214: inf
08:30:50 | WARNING | [ROBUSTNESS] Dropped non-finite score for strategy 8215: inf
08:30:50 | WARNING | [ROBUSTNESS] Dropped non-finite score for strategy 8216: inf
08:30:50 | WARNING | [ROBUSTNESS] Dropped non-finite score for strategy 8217: inf
08:30:50 | WARNING | [ROBUSTNESS] Dropped non-finite score for strategy 8218: inf
08:30:50 | WARNING | [ROBUSTNESS] Dropped non-finite score for strategy 8219: inf
08:30:50 | WARNING | [ROBUSTNESS] Dropped non-finite score for strategy 8220: inf
08:30:50 | WARNING | [ROBUSTNESS] Dropped non-finite score for strategy 8221: inf
08:30:50 | WARNING | [ROBUSTNESS] Dropped non-finite score for strategy 8222: inf
08:30:50 | WARNING | [ROBUSTNESS] Dropped non-finite score for strategy 8223: inf
08:30:50 | WARNING | [ROBUSTNESS] Dropped non-finite score for strategy 8224: inf
08:30:50 | WARNING | [ROBUSTNESS] Dropped non-finite score for strategy 8225: inf
08:30:50 | WARNING | [ROBUSTNESS] Dropped non-finite score for strategy 8226: inf
08:30:50 | WARNING | [ROBUSTNESS] Dropped non-finite score for strategy 8227: inf
08:30:50 | WARNING | [ROBUSTNESS] Dropped non-finite score for strategy 8228: inf
08:30:50 | WARNING | [ROBUSTNESS] Dropped non-finite score for strategy 8229: inf
08:30:50 | WARNING | [ROBUSTNESS] Dropped non-finite score for strategy 8230: inf
08:30:50 | WARNING | [ROBUSTNESS] Dropped non-finite score for strategy 8231: inf
08:30:50 | WARNING | [ROBUSTNESS] Dropped non-finite score for strategy 8232: inf
08:30:50 | WARNING | [ROBUSTNESS] Dropped non-finite score for strategy 8233: inf
08:30:50 | WARNING | [ROBUSTNESS] Dropped non-finite score for strategy 8234: inf
08:30:50 | WARNING | [ROBUSTNESS] Dropped non-finite score for strategy 8235: inf
08:30:50 | WARNING | [ROBUSTNESS] Dropped non-finite score for strategy 8236: inf
08:30:50 | WARNING | [ROBUSTNESS] Dropped non-finite score for strategy 8237: inf
08:30:50 | WARNING | [ROBUSTNESS] Dropped non-finite score for strategy 8238: inf
08:30:50 | WARNING | [ROBUSTNESS] Dropped non-finite score for strategy 8239: inf
08:30:50 | WARNING | [ROBUSTNESS] Dropped non-finite score for strategy 8240: inf
08:30:50 | WARNING | [ROBUSTNESS] Dropped non-finite score for strategy 8241: inf
08:30:50 | WARNING | [ROBUSTNESS] Dropped non-finite score for strategy 8242: inf
08:30:50 | WARNING | [ROBUSTNESS] Dropped non-finite score for strategy 8243: inf
08:30:50 | WARNING | [ROBUSTNESS] Dropped non-finite score for strategy 8244: inf
08:30:50 | WARNING | [ROBUSTNESS] Dropped non-finite score for strategy 8245: inf
08:30:50 | WARNING | [ROBUSTNESS] Dropped non-finite score for strategy 8246: inf
08:30:50 | WARNING | [ROBUSTNESS] Dropped non-finite score for strategy 8247: inf
08:30:50 | WARNING | [ROBUSTNESS] Dropped non-finite score for strategy 8248: inf
08:30:50 | WARNING | [ROBUSTNESS] Dropped non-finite score for strategy 8249: inf
08:30:50 | WARNING | [ROBUSTNESS] Dropped non-finite score for strategy 8250: inf
08:30:50 | WARNING | [ROBUSTNESS] Dropped non-finite score for strategy 8251: inf
08:30:50 | WARNING | [ROBUSTNESS] Dropped non-finite score for strategy 8252: inf
08:30:50 | WARNING | [ROBUSTNESS] Dropped non-finite score for strategy 8253: inf
08:30:50 | WARNING | [ROBUSTNESS] Dropped non-finite score for strategy 8254: inf
08:30:50 | WARNING | [ROBUSTNESS] Dropped non-finite score for strategy 8255: inf
08:30:50 | WARNING | [ROBUSTNESS] Dropped non-finite score for strategy 8256: inf
08:30:50 | WARNING | [ROBUSTNESS] Dropped non-finite score for strategy 8257: inf
08:30:50 | WARNING | [ROBUSTNESS] Dropped non-finite score for strategy 8258: inf
08:30:50 | WARNING | [ROBUSTNESS] Dropped non-finite score for strategy 8259: inf
08:30:50 | WARNING | [ROBUSTNESS] Dropped non-finite score for strategy 8260: inf
08:30:50 | WARNING | [ROBUSTNESS] Dropped non-finite score for strategy 8261: inf
08:30:50 | WARNING | [ROBUSTNESS] Dropped non-finite score for strategy 8262: inf
08:30:50 | WARNING | [ROBUSTNESS] Dropped non-finite score for strategy 8263: inf
08:30:50 | WARNING | [ROBUSTNESS] Dropped non-finite score for strategy 8264: inf
08:30:50 | WARNING | [ROBUSTNESS] Dropped non-finite score for strategy 8265: inf
08:30:50 | WARNING | [ROBUSTNESS] Dropped non-finite score for strategy 8266: inf
08:30:50 | WARNING | [ROBUSTNESS] Dropped non-finite score for strategy 8267: inf
08:30:50 | WARNING | [ROBUSTNESS] Dropped non-finite score for strategy 8268: inf
08:30:50 | WARNING | [ROBUSTNESS] Dropped non-finite score for strategy 8270: inf
08:30:50 | WARNING | [ROBUSTNESS] Dropped non-finite score for strategy 8271: inf
08:30:50 | WARNING | [ROBUSTNESS] Dropped non-finite score for strategy 8272: inf
08:30:50 | WARNING | [ROBUSTNESS] Dropped non-finite score for strategy 8273: inf
08:30:50 | WARNING | [ROBUSTNESS] Dropped non-finite score for strategy 8274: inf
08:30:50 | WARNING | [ROBUSTNESS] Dropped non-finite score for strategy 8275: inf
08:30:50 | WARNING | [ROBUSTNESS] Dropped non-finite score for strategy 8276: inf
08:30:50 | WARNING | [ROBUSTNESS] Dropped non-finite score for strategy 8277: inf
08:30:50 | WARNING | [ROBUSTNESS] Dropped non-finite score for strategy 8278: inf
08:30:50 | WARNING | [ROBUSTNESS] Dropped non-finite score for strategy 8279: inf
08:30:50 | INFO | [ROBUSTNESS] Consensus ranking enabled (pre-elite, top_k=12, seeds=[41, 42, 43], mode=mean_std, runs=150)
08:31:01 | INFO | [ROBUSTNESS] Consensus re-scored strategies: 12/32 (pre-elite).
08:31:01 | INFO | [ROBUSTNESS] Family diversity reordering applied (top_k=12, max_per_family=4).
08:31:01 | INFO | [ELITE] Round 1/2: generated=120 parents=10 rank10_nominal=0.016788 target=0.016788
08:31:03 | INFO | [ELITE] Round 1: full_eval=1.
08:31:03 | INFO | [ELITE] Round 1: no candidate beat nominal threshold.
08:31:03 | INFO | [ELITE] No candidate added across all rounds.
08:31:03 | INFO | \U0001f3c6 Best Strategy ID: 8108 (THICKNESS²) - Score: 0.04811
08:31:03 | INFO |    [Block 8] Screening complete. Results count: 32
08:31:03 | INFO | Running robustness tests on 254 strategies (ThreadPoolExecutor with 4 workers)...
08:31:21 | WARNING | [ROBUSTNESS] Dropped non-finite score for strategy 900000001: inf
08:31:21 | WARNING | [ROBUSTNESS] Dropped non-finite score for strategy 900000002: inf
08:31:21 | WARNING | [ROBUSTNESS] Dropped non-finite score for strategy 900000003: inf
08:31:21 | WARNING | [ROBUSTNESS] Dropped non-finite score for strategy 900000005: inf
08:31:21 | WARNING | [ROBUSTNESS] Dropped non-finite score for strategy 900000007: inf
08:31:21 | WARNING | [ROBUSTNESS] Dropped non-finite score for strategy 900000008: inf
08:31:21 | WARNING | [ROBUSTNESS] Dropped non-finite score for strategy 900000009: inf
08:31:21 | WARNING | [ROBUSTNESS] Dropped non-finite score for strategy 900000010: inf
08:31:21 | WARNING | [ROBUSTNESS] Dropped non-finite score for strategy 900000011: inf
08:31:21 | WARNING | [ROBUSTNESS] Dropped non-finite score for strategy 900000012: inf
08:31:21 | WARNING | [ROBUSTNESS] Dropped non-finite score for strategy 900000014: inf
08:31:21 | WARNING | [ROBUSTNESS] Dropped non-finite score for strategy 900000015: inf
08:31:21 | WARNING | [ROBUSTNESS] Dropped non-finite score for strategy 900000016: inf
08:31:21 | WARNING | [ROBUSTNESS] Dropped non-finite score for strategy 900000017: inf
08:31:21 | WARNING | [ROBUSTNESS] Dropped non-finite score for strategy 900000019: inf
08:31:21 | WARNING | [ROBUSTNESS] Dropped non-finite score for strategy 900000021: inf
08:31:21 | WARNING | [ROBUSTNESS] Dropped non-finite score for strategy 900000022: inf
08:31:21 | WARNING | [ROBUSTNESS] Dropped non-finite score for strategy 900000023: inf
08:31:21 | WARNING | [ROBUSTNESS] Dropped non-finite score for strategy 900000024: inf
08:31:21 | WARNING | [ROBUSTNESS] Dropped non-finite score for strategy 900000025: inf
08:31:21 | WARNING | [ROBUSTNESS] Dropped non-finite score for strategy 900000026: inf
08:31:21 | WARNING | [ROBUSTNESS] Dropped non-finite score for strategy 900000027: inf
08:31:21 | WARNING | [ROBUSTNESS] Dropped non-finite score for strategy 900000028: inf
08:31:21 | WARNING | [ROBUSTNESS] Dropped non-finite score for strategy 900000029: inf
08:31:21 | WARNING | [ROBUSTNESS] Dropped non-finite score for strategy 900000030: inf
08:31:21 | WARNING | [ROBUSTNESS] Dropped non-finite score for strategy 900000031: inf
08:31:21 | WARNING | [ROBUSTNESS] Dropped non-finite score for strategy 900000032: inf
08:31:21 | WARNING | [ROBUSTNESS] Dropped non-finite score for strategy 900000033: inf
08:31:21 | WARNING | [ROBUSTNESS] Dropped non-finite score for strategy 900000035: inf
08:31:21 | WARNING | [ROBUSTNESS] Dropped non-finite score for strategy 900000036: inf
08:31:21 | WARNING | [ROBUSTNESS] Dropped non-finite score for strategy 900000037: inf
08:31:21 | WARNING | [ROBUSTNESS] Dropped non-finite score for strategy 900000038: inf
08:31:21 | WARNING | [ROBUSTNESS] Dropped non-finite score for strategy 900000039: inf
08:31:21 | WARNING | [ROBUSTNESS] Dropped non-finite score for strategy 900000040: inf
08:31:21 | WARNING | [ROBUSTNESS] Dropped non-finite score for strategy 900000041: inf
08:31:21 | WARNING | [ROBUSTNESS] Dropped non-finite score for strategy 900000042: inf
08:31:21 | WARNING | [ROBUSTNESS] Dropped non-finite score for strategy 900000043: inf
08:31:21 | WARNING | [ROBUSTNESS] Dropped non-finite score for strategy 900000044: inf
08:31:21 | WARNING | [ROBUSTNESS] Dropped non-finite score for strategy 900000045: inf
08:31:21 | WARNING | [ROBUSTNESS] Dropped non-finite score for strategy 900000047: inf
08:31:21 | WARNING | [ROBUSTNESS] Dropped non-finite score for strategy 900000048: inf
08:31:21 | WARNING | [ROBUSTNESS] Dropped non-finite score for strategy 900000049: inf
08:31:21 | WARNING | [ROBUSTNESS] Dropped non-finite score for strategy 900000050: inf
08:31:21 | WARNING | [ROBUSTNESS] Dropped non-finite score for strategy 900000052: inf
08:31:21 | WARNING | [ROBUSTNESS] Dropped non-finite score for strategy 900000053: inf
08:31:21 | WARNING | [ROBUSTNESS] Dropped non-finite score for strategy 900000054: inf
08:31:21 | WARNING | [ROBUSTNESS] Dropped non-finite score for strategy 900000055: inf
08:31:21 | WARNING | [ROBUSTNESS] Dropped non-finite score for strategy 900000056: inf
08:31:21 | WARNING | [ROBUSTNESS] Dropped non-finite score for strategy 900000057: inf
08:31:21 | WARNING | [ROBUSTNESS] Dropped non-finite score for strategy 900000058: inf
08:31:21 | WARNING | [ROBUSTNESS] Dropped non-finite score for strategy 900000059: inf
08:31:21 | WARNING | [ROBUSTNESS] Dropped non-finite score for strategy 900000060: inf
08:31:21 | WARNING | [ROBUSTNESS] Dropped non-finite score for strategy 900000061: inf
08:31:21 | WARNING | [ROBUSTNESS] Dropped non-finite score for strategy 900000062: inf
08:31:21 | WARNING | [ROBUSTNESS] Dropped non-finite score for strategy 900000063: inf
08:31:21 | WARNING | [ROBUSTNESS] Dropped non-finite score for strategy 900000064: inf
08:31:21 | WARNING | [ROBUSTNESS] Dropped non-finite score for strategy 900000065: inf
08:31:21 | WARNING | [ROBUSTNESS] Dropped non-finite score for strategy 900000066: inf
08:31:21 | WARNING | [ROBUSTNESS] Dropped non-finite score for strategy 900000067: inf
08:31:21 | WARNING | [ROBUSTNESS] Dropped non-finite score for strategy 900000068: inf
08:31:21 | WARNING | [ROBUSTNESS] Dropped non-finite score for strategy 900000069: inf
08:31:21 | WARNING | [ROBUSTNESS] Dropped non-finite score for strategy 900000071: inf
08:31:21 | WARNING | [ROBUSTNESS] Dropped non-finite score for strategy 900000072: inf
08:31:21 | WARNING | [ROBUSTNESS] Dropped non-finite score for strategy 900000074: inf
08:31:21 | WARNING | [ROBUSTNESS] Dropped non-finite score for strategy 900000075: inf
08:31:21 | WARNING | [ROBUSTNESS] Dropped non-finite score for strategy 900000077: inf
08:31:21 | WARNING | [ROBUSTNESS] Dropped non-finite score for strategy 900000078: inf
08:31:21 | WARNING | [ROBUSTNESS] Dropped non-finite score for strategy 900000081: inf
08:31:21 | WARNING | [ROBUSTNESS] Dropped non-finite score for strategy 900000082: inf
08:31:21 | WARNING | [ROBUSTNESS] Dropped non-finite score for strategy 900000083: inf
08:31:21 | WARNING | [ROBUSTNESS] Dropped non-finite score for strategy 900000084: inf
08:31:21 | WARNING | [ROBUSTNESS] Dropped non-finite score for strategy 900000085: inf
08:31:21 | WARNING | [ROBUSTNESS] Dropped non-finite score for strategy 900000086: inf
08:31:21 | WARNING | [ROBUSTNESS] Dropped non-finite score for strategy 900000087: inf
08:31:21 | WARNING | [ROBUSTNESS] Dropped non-finite score for strategy 900000088: inf
08:31:21 | WARNING | [ROBUSTNESS] Dropped non-finite score for strategy 900000089: inf
08:31:21 | WARNING | [ROBUSTNESS] Dropped non-finite score for strategy 900000090: inf
08:31:21 | WARNING | [ROBUSTNESS] Dropped non-finite score for strategy 900000091: inf
08:31:21 | WARNING | [ROBUSTNESS] Dropped non-finite score for strategy 900000092: inf
08:31:21 | WARNING | [ROBUSTNESS] Dropped non-finite score for strategy 900000094: inf
08:31:21 | WARNING | [ROBUSTNESS] Dropped non-finite score for strategy 900000095: inf
08:31:21 | WARNING | [ROBUSTNESS] Dropped non-finite score for strategy 900000096: inf
08:31:21 | WARNING | [ROBUSTNESS] Dropped non-finite score for strategy 900000097: inf
08:31:21 | WARNING | [ROBUSTNESS] Dropped non-finite score for strategy 900000098: inf
08:31:21 | WARNING | [ROBUSTNESS] Dropped non-finite score for strategy 900000099: inf
08:31:21 | WARNING | [ROBUSTNESS] Dropped non-finite score for strategy 900000100: inf
08:31:21 | WARNING | [ROBUSTNESS] Dropped non-finite score for strategy 900000101: inf
08:31:21 | WARNING | [ROBUSTNESS] Dropped non-finite score for strategy 900000103: inf
08:31:21 | WARNING | [ROBUSTNESS] Dropped non-finite score for strategy 900000104: inf
08:31:21 | WARNING | [ROBUSTNESS] Dropped non-finite score for strategy 900000105: inf
08:31:21 | WARNING | [ROBUSTNESS] Dropped non-finite score for strategy 900000106: inf
08:31:21 | WARNING | [ROBUSTNESS] Dropped non-finite score for strategy 900000107: inf
08:31:21 | WARNING | [ROBUSTNESS] Dropped non-finite score for strategy 900000108: inf
08:31:21 | WARNING | [ROBUSTNESS] Dropped non-finite score for strategy 900000109: inf
08:31:21 | WARNING | [ROBUSTNESS] Dropped non-finite score for strategy 900000110: inf
08:31:21 | WARNING | [ROBUSTNESS] Dropped non-finite score for strategy 900000112: inf
08:31:21 | WARNING | [ROBUSTNESS] Dropped non-finite score for strategy 900000113: inf
08:31:21 | WARNING | [ROBUSTNESS] Dropped non-finite score for strategy 900000114: inf
08:31:21 | WARNING | [ROBUSTNESS] Dropped non-finite score for strategy 900000115: inf
08:31:21 | WARNING | [ROBUSTNESS] Dropped non-finite score for strategy 900000116: inf
08:31:21 | WARNING | [ROBUSTNESS] Dropped non-finite score for strategy 900000117: inf
08:31:21 | WARNING | [ROBUSTNESS] Dropped non-finite score for strategy 900000119: inf
08:31:21 | WARNING | [ROBUSTNESS] Dropped non-finite score for strategy 900000120: inf
08:31:21 | WARNING | [ROBUSTNESS] Dropped non-finite score for strategy 900000121: inf
08:31:21 | WARNING | [ROBUSTNESS] Dropped non-finite score for strategy 900000122: inf
08:31:21 | WARNING | [ROBUSTNESS] Dropped non-finite score for strategy 900000123: inf
08:31:21 | WARNING | [ROBUSTNESS] Dropped non-finite score for strategy 900000124: inf
08:31:21 | WARNING | [ROBUSTNESS] Dropped non-finite score for strategy 900000125: inf
08:31:21 | WARNING | [ROBUSTNESS] Dropped non-finite score for strategy 900000126: inf
08:31:21 | WARNING | [ROBUSTNESS] Dropped non-finite score for strategy 900000127: inf
08:31:21 | WARNING | [ROBUSTNESS] Dropped non-finite score for strategy 900000128: inf
08:31:21 | WARNING | [ROBUSTNESS] Dropped non-finite score for strategy 900000129: inf
08:31:21 | WARNING | [ROBUSTNESS] Dropped non-finite score for strategy 900000130: inf
08:31:21 | WARNING | [ROBUSTNESS] Dropped non-finite score for strategy 900000131: inf
08:31:21 | WARNING | [ROBUSTNESS] Dropped non-finite score for strategy 900000133: inf
08:31:21 | WARNING | [ROBUSTNESS] Dropped non-finite score for strategy 900000134: inf
08:31:21 | WARNING | [ROBUSTNESS] Dropped non-finite score for strategy 900000135: inf
08:31:21 | WARNING | [ROBUSTNESS] Dropped non-finite score for strategy 900000136: inf
08:31:21 | WARNING | [ROBUSTNESS] Dropped non-finite score for strategy 900000137: inf
08:31:21 | WARNING | [ROBUSTNESS] Dropped non-finite score for strategy 900000138: inf
08:31:21 | WARNING | [ROBUSTNESS] Dropped non-finite score for strategy 900000139: inf
08:31:21 | WARNING | [ROBUSTNESS] Dropped non-finite score for strategy 900000140: inf
08:31:21 | WARNING | [ROBUSTNESS] Dropped non-finite score for strategy 900000141: inf
08:31:21 | WARNING | [ROBUSTNESS] Dropped non-finite score for strategy 900000142: inf
08:31:21 | WARNING | [ROBUSTNESS] Dropped non-finite score for strategy 900000143: inf
08:31:21 | WARNING | [ROBUSTNESS] Dropped non-finite score for strategy 900000144: inf
08:31:21 | WARNING | [ROBUSTNESS] Dropped non-finite score for strategy 900000145: inf
08:31:21 | WARNING | [ROBUSTNESS] Dropped non-finite score for strategy 900000146: inf
08:31:21 | WARNING | [ROBUSTNESS] Dropped non-finite score for strategy 900000147: inf
08:31:21 | WARNING | [ROBUSTNESS] Dropped non-finite score for strategy 900000148: inf
08:31:21 | WARNING | [ROBUSTNESS] Dropped non-finite score for strategy 900000149: inf
08:31:21 | WARNING | [ROBUSTNESS] Dropped non-finite score for strategy 900000150: inf
08:31:21 | WARNING | [ROBUSTNESS] Dropped non-finite score for strategy 900000151: inf
08:31:21 | WARNING | [ROBUSTNESS] Dropped non-finite score for strategy 900000152: inf
08:31:21 | WARNING | [ROBUSTNESS] Dropped non-finite score for strategy 900000153: inf
08:31:21 | WARNING | [ROBUSTNESS] Dropped non-finite score for strategy 900000154: inf
08:31:21 | WARNING | [ROBUSTNESS] Dropped non-finite score for strategy 900000155: inf
08:31:21 | WARNING | [ROBUSTNESS] Dropped non-finite score for strategy 900000156: inf
08:31:21 | WARNING | [ROBUSTNESS] Dropped non-finite score for strategy 900000157: inf
08:31:21 | WARNING | [ROBUSTNESS] Dropped non-finite score for strategy 900000158: inf
08:31:21 | WARNING | [ROBUSTNESS] Dropped non-finite score for strategy 900000159: inf
08:31:21 | WARNING | [ROBUSTNESS] Dropped non-finite score for strategy 900000160: inf
08:31:21 | WARNING | [ROBUSTNESS] Dropped non-finite score for strategy 900000161: inf
08:31:21 | WARNING | [ROBUSTNESS] Dropped non-finite score for strategy 900000162: inf
08:31:21 | WARNING | [ROBUSTNESS] Dropped non-finite score for strategy 900000163: inf
08:31:21 | WARNING | [ROBUSTNESS] Dropped non-finite score for strategy 900000165: inf
08:31:21 | WARNING | [ROBUSTNESS] Dropped non-finite score for strategy 900000166: inf
08:31:21 | WARNING | [ROBUSTNESS] Dropped non-finite score for strategy 900000167: inf
08:31:21 | WARNING | [ROBUSTNESS] Dropped non-finite score for strategy 900000168: inf
08:31:21 | WARNING | [ROBUSTNESS] Dropped non-finite score for strategy 900000170: inf
08:31:21 | WARNING | [ROBUSTNESS] Dropped non-finite score for strategy 900000171: inf
08:31:21 | WARNING | [ROBUSTNESS] Dropped non-finite score for strategy 900000172: inf
08:31:21 | WARNING | [ROBUSTNESS] Dropped non-finite score for strategy 900000173: inf
08:31:21 | WARNING | [ROBUSTNESS] Dropped non-finite score for strategy 900000174: inf
08:31:21 | WARNING | [ROBUSTNESS] Dropped non-finite score for strategy 900000175: inf
08:31:21 | WARNING | [ROBUSTNESS] Dropped non-finite score for strategy 900000176: inf
08:31:21 | WARNING | [ROBUSTNESS] Dropped non-finite score for strategy 900000177: inf
08:31:21 | WARNING | [ROBUSTNESS] Dropped non-finite score for strategy 900000179: inf
08:31:21 | WARNING | [ROBUSTNESS] Dropped non-finite score for strategy 900000180: inf
08:31:21 | WARNING | [ROBUSTNESS] Dropped non-finite score for strategy 900000181: inf
08:31:21 | WARNING | [ROBUSTNESS] Dropped non-finite score for strategy 900000182: inf
08:31:21 | WARNING | [ROBUSTNESS] Dropped non-finite score for strategy 900000183: inf
08:31:21 | WARNING | [ROBUSTNESS] Dropped non-finite score for strategy 900000184: inf
08:31:21 | WARNING | [ROBUSTNESS] Dropped non-finite score for strategy 900000186: inf
08:31:21 | WARNING | [ROBUSTNESS] Dropped non-finite score for strategy 900000187: inf
08:31:21 | WARNING | [ROBUSTNESS] Dropped non-finite score for strategy 900000188: inf
08:31:21 | WARNING | [ROBUSTNESS] Dropped non-finite score for strategy 900000189: inf
08:31:21 | WARNING | [ROBUSTNESS] Dropped non-finite score for strategy 900000190: inf
08:31:21 | WARNING | [ROBUSTNESS] Dropped non-finite score for strategy 900000191: inf
08:31:21 | WARNING | [ROBUSTNESS] Dropped non-finite score for strategy 900000192: inf
08:31:21 | WARNING | [ROBUSTNESS] Dropped non-finite score for strategy 900000193: inf
08:31:21 | WARNING | [ROBUSTNESS] Dropped non-finite score for strategy 900000194: inf
08:31:21 | WARNING | [ROBUSTNESS] Dropped non-finite score for strategy 900000195: inf
08:31:21 | WARNING | [ROBUSTNESS] Dropped non-finite score for strategy 900000196: inf
08:31:21 | WARNING | [ROBUSTNESS] Dropped non-finite score for strategy 900000197: inf
08:31:21 | WARNING | [ROBUSTNESS] Dropped non-finite score for strategy 900000198: inf
08:31:21 | WARNING | [ROBUSTNESS] Dropped non-finite score for strategy 900000200: inf
08:31:21 | WARNING | [ROBUSTNESS] Dropped non-finite score for strategy 900000201: inf
08:31:21 | WARNING | [ROBUSTNESS] Dropped non-finite score for strategy 900000202: inf
08:31:21 | WARNING | [ROBUSTNESS] Dropped non-finite score for strategy 900000203: inf
08:31:21 | WARNING | [ROBUSTNESS] Dropped non-finite score for strategy 900000204: inf
08:31:21 | WARNING | [ROBUSTNESS] Dropped non-finite score for strategy 900000205: inf
08:31:21 | WARNING | [ROBUSTNESS] Dropped non-finite score for strategy 900000206: inf
08:31:21 | WARNING | [ROBUSTNESS] Dropped non-finite score for strategy 900000207: inf
08:31:21 | WARNING | [ROBUSTNESS] Dropped non-finite score for strategy 900000208: inf
08:31:21 | WARNING | [ROBUSTNESS] Dropped non-finite score for strategy 900000209: inf
08:31:21 | WARNING | [ROBUSTNESS] Dropped non-finite score for strategy 900000210: inf
08:31:21 | WARNING | [ROBUSTNESS] Dropped non-finite score for strategy 900000212: inf
08:31:21 | WARNING | [ROBUSTNESS] Dropped non-finite score for strategy 900000213: inf
08:31:21 | WARNING | [ROBUSTNESS] Dropped non-finite score for strategy 900000214: inf
08:31:21 | WARNING | [ROBUSTNESS] Dropped non-finite score for strategy 900000215: inf
08:31:21 | WARNING | [ROBUSTNESS] Dropped non-finite score for strategy 900000216: inf
08:31:21 | WARNING | [ROBUSTNESS] Dropped non-finite score for strategy 900000217: inf
08:31:21 | WARNING | [ROBUSTNESS] Dropped non-finite score for strategy 900000218: inf
08:31:21 | WARNING | [ROBUSTNESS] Dropped non-finite score for strategy 900000219: inf
08:31:21 | WARNING | [ROBUSTNESS] Dropped non-finite score for strategy 900000220: inf
08:31:21 | WARNING | [ROBUSTNESS] Dropped non-finite score for strategy 900000222: inf
08:31:21 | WARNING | [ROBUSTNESS] Dropped non-finite score for strategy 900000223: inf
08:31:21 | WARNING | [ROBUSTNESS] Dropped non-finite score for strategy 900000224: inf
08:31:21 | WARNING | [ROBUSTNESS] Dropped non-finite score for strategy 900000225: inf
08:31:21 | WARNING | [ROBUSTNESS] Dropped non-finite score for strategy 900000227: inf
08:31:21 | WARNING | [ROBUSTNESS] Dropped non-finite score for strategy 900000228: inf
08:31:21 | WARNING | [ROBUSTNESS] Dropped non-finite score for strategy 900000229: inf
08:31:21 | WARNING | [ROBUSTNESS] Dropped non-finite score for strategy 900000230: inf
08:31:21 | WARNING | [ROBUSTNESS] Dropped non-finite score for strategy 900000231: inf
08:31:21 | WARNING | [ROBUSTNESS] Dropped non-finite score for strategy 900000232: inf
08:31:21 | WARNING | [ROBUSTNESS] Dropped non-finite score for strategy 900000233: inf
08:31:21 | WARNING | [ROBUSTNESS] Dropped non-finite score for strategy 900000234: inf
08:31:21 | WARNING | [ROBUSTNESS] Dropped non-finite score for strategy 900000235: inf
08:31:21 | WARNING | [ROBUSTNESS] Dropped non-finite score for strategy 900000236: inf
08:31:21 | WARNING | [ROBUSTNESS] Dropped non-finite score for strategy 900000237: inf
08:31:21 | WARNING | [ROBUSTNESS] Dropped non-finite score for strategy 900000238: inf
08:31:21 | WARNING | [ROBUSTNESS] Dropped non-finite score for strategy 900000239: inf
08:31:21 | WARNING | [ROBUSTNESS] Dropped non-finite score for strategy 900000240: inf
08:31:21 | WARNING | [ROBUSTNESS] Dropped non-finite score for strategy 900000241: inf
08:31:21 | WARNING | [ROBUSTNESS] Dropped non-finite score for strategy 900000242: inf
08:31:21 | WARNING | [ROBUSTNESS] Dropped non-finite score for strategy 900000243: inf
08:31:21 | WARNING | [ROBUSTNESS] Dropped non-finite score for strategy 900000244: inf
08:31:21 | WARNING | [ROBUSTNESS] Dropped non-finite score for strategy 900000246: inf
08:31:21 | WARNING | [ROBUSTNESS] Dropped non-finite score for strategy 900000248: inf
08:31:21 | WARNING | [ROBUSTNESS] Dropped non-finite score for strategy 900000249: inf
08:31:21 | WARNING | [ROBUSTNESS] Dropped non-finite score for strategy 900000251: inf
08:31:21 | WARNING | [ROBUSTNESS] Dropped non-finite score for strategy 900000252: inf
08:31:21 | WARNING | [ROBUSTNESS] Dropped non-finite score for strategy 900000253: inf
08:31:21 | WARNING | [ROBUSTNESS] Dropped non-finite score for strategy 900000254: inf
08:31:22 | INFO | [ROBUSTNESS] Consensus ranking enabled (pre-elite, top_k=12, seeds=[41, 42, 43], mode=mean_std, runs=150)
08:31:31 | INFO | [ROBUSTNESS] Consensus re-scored strategies: 8/29 (pre-elite).
08:31:31 | INFO | [ROBUSTNESS] Family diversity reordering applied (top_k=12, max_per_family=4).
08:31:31 | INFO | [ELITE] Round 1/2: generated=120 parents=10 rank10_nominal=0.026048 target=0.026048
08:31:34 | INFO | [ELITE] Round 1: full_eval=21.
08:31:35 | INFO | [ELITE] Round 1: added 9 strategy(ies) above threshold.
08:31:35 | INFO | [ROBUSTNESS] Consensus ranking enabled (post-elite-r1, top_k=12, seeds=[41, 42, 43], mode=mean_std, runs=150)
08:31:42 | INFO | [ROBUSTNESS] Consensus re-scored strategies: 9/38 (post-elite-r1).
08:31:42 | INFO | [ROBUSTNESS] Family diversity reordering applied (top_k=12, max_per_family=4).
08:31:42 | INFO | [ELITE] Round 2/2: generated=120 parents=10 rank10_nominal=0.030862 target=0.030862
08:31:44 | INFO | [ELITE] Round 2: full_eval=36.
08:31:47 | INFO | [ELITE] Round 2: added 21 strategy(ies) above threshold.
08:31:47 | INFO | [ROBUSTNESS] Consensus ranking enabled (post-elite-r2, top_k=12, seeds=[41, 42, 43], mode=mean_std, runs=150)
08:31:56 | INFO | [ROBUSTNESS] Consensus re-scored strategies: 11/59 (post-elite-r2).
08:31:56 | INFO | [ROBUSTNESS] Family diversity reordering applied (top_k=12, max_per_family=4).
08:31:56 | INFO | \U0001f3c6 Best Strategy ID: 900000427 (ELITE) - Score: 0.05584
08:31:56 | INFO |    [Block 8] Full pass on 19 survivors (n_full=150)...
08:31:56 | INFO | Running robustness tests on 19 strategies (ThreadPoolExecutor with 4 workers)...
08:32:02 | WARNING | [ROBUSTNESS] Dropped non-finite score for strategy 8269: inf
08:32:02 | WARNING | [ROBUSTNESS] Dropped non-finite score for strategy 8165: inf
08:32:02 | WARNING | [ROBUSTNESS] Dropped non-finite score for strategy 900000226: inf
08:32:02 | WARNING | [ROBUSTNESS] Dropped non-finite score for strategy 900000250: inf
08:32:02 | INFO | [ROBUSTNESS] Consensus ranking enabled (pre-elite, top_k=12, seeds=[41, 42, 43], mode=mean_std, runs=150)
08:32:12 | INFO | [ROBUSTNESS] Consensus re-scored strategies: 12/15 (pre-elite).
08:32:12 | INFO | [ROBUSTNESS] Family diversity reordering applied (top_k=12, max_per_family=4).
08:32:12 | INFO | [ELITE] Round 1/2: generated=120 parents=10 rank10_nominal=0.021461 target=0.021461
08:32:20 | INFO | [ELITE] Round 1: full_eval=36.
08:32:30 | INFO | [ELITE] Round 1: added 20 strategy(ies) above threshold.
08:32:30 | INFO | [ROBUSTNESS] Consensus ranking enabled (post-elite-r1, top_k=12, seeds=[41, 42, 43], mode=mean_std, runs=150)
08:32:40 | INFO | [ROBUSTNESS] Consensus re-scored strategies: 12/35 (post-elite-r1).
08:32:41 | INFO | [ROBUSTNESS] Family diversity reordering applied (top_k=12, max_per_family=4).
08:32:41 | INFO | [ELITE] Round 2/2: generated=120 parents=10 rank10_nominal=0.016491 target=0.016491
08:32:48 | INFO | [ELITE] Round 2: full_eval=17.
08:32:53 | INFO | [ELITE] Round 2: added 8 strategy(ies) above threshold.
08:32:53 | INFO | [ROBUSTNESS] Consensus ranking enabled (post-elite-r2, top_k=12, seeds=[41, 42, 43], mode=mean_std, runs=150)
08:32:58 | INFO | [ROBUSTNESS] Consensus re-scored strategies: 12/43 (post-elite-r2).
08:32:58 | INFO | [ROBUSTNESS] Family diversity reordering applied (top_k=12, max_per_family=4).
08:32:58 | INFO | \U0001f3c6 Best Strategy ID: 900000570 (ELITE) - Score: 0.04329
08:32:58 | INFO | [Block 8] Best strategy ready: RMSE=0.04329 blocks=8
08:32:59 | INFO |    [Block 7] Mining found 240 strategies.
08:32:59 | INFO |    [Block 7] Running screening on 240 strategies...
08:32:59 | INFO | Running robustness tests on 240 strategies (ThreadPoolExecutor with 4 workers)...
08:33:16 | WARNING | [ROBUSTNESS] Dropped non-finite score for strategy 7000: inf
08:33:16 | WARNING | [ROBUSTNESS] Dropped non-finite score for strategy 7001: inf
08:33:16 | WARNING | [ROBUSTNESS] Dropped non-finite score for strategy 7002: inf
08:33:16 | WARNING | [ROBUSTNESS] Dropped non-finite score for strategy 7003: inf
08:33:16 | WARNING | [ROBUSTNESS] Dropped non-finite score for strategy 7004: inf
08:33:16 | WARNING | [ROBUSTNESS] Dropped non-finite score for strategy 7005: inf
08:33:16 | WARNING | [ROBUSTNESS] Dropped non-finite score for strategy 7006: inf
08:33:16 | WARNING | [ROBUSTNESS] Dropped non-finite score for strategy 7007: inf
08:33:16 | WARNING | [ROBUSTNESS] Dropped non-finite score for strategy 7008: inf
08:33:16 | WARNING | [ROBUSTNESS] Dropped non-finite score for strategy 7009: inf
08:33:16 | WARNING | [ROBUSTNESS] Dropped non-finite score for strategy 7010: inf
08:33:16 | WARNING | [ROBUSTNESS] Dropped non-finite score for strategy 7011: inf
08:33:16 | WARNING | [ROBUSTNESS] Dropped non-finite score for strategy 7012: inf
08:33:16 | WARNING | [ROBUSTNESS] Dropped non-finite score for strategy 7013: inf
08:33:16 | WARNING | [ROBUSTNESS] Dropped non-finite score for strategy 7014: inf
08:33:16 | WARNING | [ROBUSTNESS] Dropped non-finite score for strategy 7015: inf
08:33:16 | WARNING | [ROBUSTNESS] Dropped non-finite score for strategy 7016: inf
08:33:16 | WARNING | [ROBUSTNESS] Dropped non-finite score for strategy 7017: inf
08:33:16 | WARNING | [ROBUSTNESS] Dropped non-finite score for strategy 7018: inf
08:33:16 | WARNING | [ROBUSTNESS] Dropped non-finite score for strategy 7019: inf
08:33:16 | WARNING | [ROBUSTNESS] Dropped non-finite score for strategy 7020: inf
08:33:16 | WARNING | [ROBUSTNESS] Dropped non-finite score for strategy 7021: inf
08:33:16 | WARNING | [ROBUSTNESS] Dropped non-finite score for strategy 7022: inf
08:33:16 | WARNING | [ROBUSTNESS] Dropped non-finite score for strategy 7023: inf
08:33:16 | WARNING | [ROBUSTNESS] Dropped non-finite score for strategy 7024: inf
08:33:16 | WARNING | [ROBUSTNESS] Dropped non-finite score for strategy 7025: inf
08:33:16 | WARNING | [ROBUSTNESS] Dropped non-finite score for strategy 7026: inf
08:33:16 | WARNING | [ROBUSTNESS] Dropped non-finite score for strategy 7027: inf
08:33:16 | WARNING | [ROBUSTNESS] Dropped non-finite score for strategy 7028: inf
08:33:16 | WARNING | [ROBUSTNESS] Dropped non-finite score for strategy 7029: inf
08:33:16 | WARNING | [ROBUSTNESS] Dropped non-finite score for strategy 7030: inf
08:33:16 | WARNING | [ROBUSTNESS] Dropped non-finite score for strategy 7031: inf
08:33:16 | WARNING | [ROBUSTNESS] Dropped non-finite score for strategy 7032: inf
08:33:16 | WARNING | [ROBUSTNESS] Dropped non-finite score for strategy 7034: inf
08:33:16 | WARNING | [ROBUSTNESS] Dropped non-finite score for strategy 7035: inf
08:33:16 | WARNING | [ROBUSTNESS] Dropped non-finite score for strategy 7036: inf
08:33:16 | WARNING | [ROBUSTNESS] Dropped non-finite score for strategy 7037: inf
08:33:16 | WARNING | [ROBUSTNESS] Dropped non-finite score for strategy 7038: inf
08:33:16 | WARNING | [ROBUSTNESS] Dropped non-finite score for strategy 7039: inf
08:33:16 | WARNING | [ROBUSTNESS] Dropped non-finite score for strategy 7040: inf
08:33:16 | WARNING | [ROBUSTNESS] Dropped non-finite score for strategy 7041: inf
08:33:16 | WARNING | [ROBUSTNESS] Dropped non-finite score for strategy 7043: inf
08:33:16 | WARNING | [ROBUSTNESS] Dropped non-finite score for strategy 7044: inf
08:33:16 | WARNING | [ROBUSTNESS] Dropped non-finite score for strategy 7045: inf
08:33:16 | WARNING | [ROBUSTNESS] Dropped non-finite score for strategy 7046: inf
08:33:16 | WARNING | [ROBUSTNESS] Dropped non-finite score for strategy 7047: inf
08:33:16 | WARNING | [ROBUSTNESS] Dropped non-finite score for strategy 7048: inf
08:33:16 | WARNING | [ROBUSTNESS] Dropped non-finite score for strategy 7049: inf
08:33:16 | WARNING | [ROBUSTNESS] Dropped non-finite score for strategy 7050: inf
08:33:16 | WARNING | [ROBUSTNESS] Dropped non-finite score for strategy 7052: inf
08:33:16 | WARNING | [ROBUSTNESS] Dropped non-finite score for strategy 7053: inf
08:33:16 | WARNING | [ROBUSTNESS] Dropped non-finite score for strategy 7054: inf
08:33:16 | WARNING | [ROBUSTNESS] Dropped non-finite score for strategy 7055: inf
08:33:16 | WARNING | [ROBUSTNESS] Dropped non-finite score for strategy 7056: inf
08:33:16 | WARNING | [ROBUSTNESS] Dropped non-finite score for strategy 7057: inf
08:33:16 | WARNING | [ROBUSTNESS] Dropped non-finite score for strategy 7060: inf
08:33:16 | WARNING | [ROBUSTNESS] Dropped non-finite score for strategy 7062: inf
08:33:16 | WARNING | [ROBUSTNESS] Dropped non-finite score for strategy 7063: inf
08:33:16 | WARNING | [ROBUSTNESS] Dropped non-finite score for strategy 7064: inf
08:33:16 | WARNING | [ROBUSTNESS] Dropped non-finite score for strategy 7065: inf
08:33:16 | WARNING | [ROBUSTNESS] Dropped non-finite score for strategy 7066: inf
08:33:16 | WARNING | [ROBUSTNESS] Dropped non-finite score for strategy 7068: inf
08:33:16 | WARNING | [ROBUSTNESS] Dropped non-finite score for strategy 7069: inf
08:33:16 | WARNING | [ROBUSTNESS] Dropped non-finite score for strategy 7070: inf
08:33:16 | WARNING | [ROBUSTNESS] Dropped non-finite score for strategy 7071: inf
08:33:16 | WARNING | [ROBUSTNESS] Dropped non-finite score for strategy 7072: inf
08:33:16 | WARNING | [ROBUSTNESS] Dropped non-finite score for strategy 7073: inf
08:33:16 | WARNING | [ROBUSTNESS] Dropped non-finite score for strategy 7074: inf
08:33:16 | WARNING | [ROBUSTNESS] Dropped non-finite score for strategy 7075: inf
08:33:16 | WARNING | [ROBUSTNESS] Dropped non-finite score for strategy 7076: inf
08:33:16 | WARNING | [ROBUSTNESS] Dropped non-finite score for strategy 7077: inf
08:33:16 | WARNING | [ROBUSTNESS] Dropped non-finite score for strategy 7078: inf
08:33:16 | WARNING | [ROBUSTNESS] Dropped non-finite score for strategy 7079: inf
08:33:16 | WARNING | [ROBUSTNESS] Dropped non-finite score for strategy 7102: inf
08:33:16 | WARNING | [ROBUSTNESS] Dropped non-finite score for strategy 7103: inf
08:33:16 | WARNING | [ROBUSTNESS] Dropped non-finite score for strategy 7105: inf
08:33:16 | WARNING | [ROBUSTNESS] Dropped non-finite score for strategy 7114: inf
08:33:16 | WARNING | [ROBUSTNESS] Dropped non-finite score for strategy 7116: inf
08:33:16 | WARNING | [ROBUSTNESS] Dropped non-finite score for strategy 7117: inf
08:33:16 | WARNING | [ROBUSTNESS] Dropped non-finite score for strategy 7120: inf
08:33:16 | WARNING | [ROBUSTNESS] Dropped non-finite score for strategy 7122: inf
08:33:16 | WARNING | [ROBUSTNESS] Dropped non-finite score for strategy 7123: inf
08:33:16 | WARNING | [ROBUSTNESS] Dropped non-finite score for strategy 7125: inf
08:33:16 | WARNING | [ROBUSTNESS] Dropped non-finite score for strategy 7126: inf
08:33:16 | WARNING | [ROBUSTNESS] Dropped non-finite score for strategy 7128: inf
08:33:16 | WARNING | [ROBUSTNESS] Dropped non-finite score for strategy 7130: inf
08:33:16 | WARNING | [ROBUSTNESS] Dropped non-finite score for strategy 7131: inf
08:33:16 | WARNING | [ROBUSTNESS] Dropped non-finite score for strategy 7132: inf
08:33:16 | WARNING | [ROBUSTNESS] Dropped non-finite score for strategy 7134: inf
08:33:16 | WARNING | [ROBUSTNESS] Dropped non-finite score for strategy 7136: inf
08:33:16 | WARNING | [ROBUSTNESS] Dropped non-finite score for strategy 7137: inf
08:33:16 | WARNING | [ROBUSTNESS] Dropped non-finite score for strategy 7139: inf
08:33:16 | WARNING | [ROBUSTNESS] Dropped non-finite score for strategy 7142: inf
08:33:16 | WARNING | [ROBUSTNESS] Dropped non-finite score for strategy 7145: inf
08:33:16 | WARNING | [ROBUSTNESS] Dropped non-finite score for strategy 7146: inf
08:33:16 | WARNING | [ROBUSTNESS] Dropped non-finite score for strategy 7148: inf
08:33:16 | WARNING | [ROBUSTNESS] Dropped non-finite score for strategy 7150: inf
08:33:16 | WARNING | [ROBUSTNESS] Dropped non-finite score for strategy 7152: inf
08:33:16 | WARNING | [ROBUSTNESS] Dropped non-finite score for strategy 7154: inf
08:33:16 | WARNING | [ROBUSTNESS] Dropped non-finite score for strategy 7157: inf
08:33:16 | WARNING | [ROBUSTNESS] Dropped non-finite score for strategy 7158: inf
08:33:16 | WARNING | [ROBUSTNESS] Dropped non-finite score for strategy 7163: inf
08:33:16 | WARNING | [ROBUSTNESS] Dropped non-finite score for strategy 7164: inf
08:33:16 | WARNING | [ROBUSTNESS] Dropped non-finite score for strategy 7166: inf
08:33:16 | WARNING | [ROBUSTNESS] Dropped non-finite score for strategy 7167: inf
08:33:16 | WARNING | [ROBUSTNESS] Dropped non-finite score for strategy 7170: inf
08:33:16 | WARNING | [ROBUSTNESS] Dropped non-finite score for strategy 7171: inf
08:33:16 | WARNING | [ROBUSTNESS] Dropped non-finite score for strategy 7172: inf
08:33:16 | WARNING | [ROBUSTNESS] Dropped non-finite score for strategy 7173: inf
08:33:16 | WARNING | [ROBUSTNESS] Dropped non-finite score for strategy 7174: inf
08:33:16 | WARNING | [ROBUSTNESS] Dropped non-finite score for strategy 7179: inf
08:33:16 | WARNING | [ROBUSTNESS] Dropped non-finite score for strategy 7200: inf
08:33:16 | WARNING | [ROBUSTNESS] Dropped non-finite score for strategy 7201: inf
08:33:16 | WARNING | [ROBUSTNESS] Dropped non-finite score for strategy 7202: inf
08:33:16 | WARNING | [ROBUSTNESS] Dropped non-finite score for strategy 7203: inf
08:33:16 | WARNING | [ROBUSTNESS] Dropped non-finite score for strategy 7204: inf
08:33:16 | WARNING | [ROBUSTNESS] Dropped non-finite score for strategy 7205: inf
08:33:16 | WARNING | [ROBUSTNESS] Dropped non-finite score for strategy 7206: inf
08:33:16 | WARNING | [ROBUSTNESS] Dropped non-finite score for strategy 7207: inf
08:33:16 | WARNING | [ROBUSTNESS] Dropped non-finite score for strategy 7208: inf
08:33:16 | WARNING | [ROBUSTNESS] Dropped non-finite score for strategy 7209: inf
08:33:16 | WARNING | [ROBUSTNESS] Dropped non-finite score for strategy 7210: inf
08:33:16 | WARNING | [ROBUSTNESS] Dropped non-finite score for strategy 7211: inf
08:33:17 | WARNING | [ROBUSTNESS] Dropped non-finite score for strategy 7212: inf
08:33:17 | WARNING | [ROBUSTNESS] Dropped non-finite score for strategy 7213: inf
08:33:17 | WARNING | [ROBUSTNESS] Dropped non-finite score for strategy 7214: inf
08:33:17 | WARNING | [ROBUSTNESS] Dropped non-finite score for strategy 7215: inf
08:33:17 | WARNING | [ROBUSTNESS] Dropped non-finite score for strategy 7216: inf
08:33:17 | WARNING | [ROBUSTNESS] Dropped non-finite score for strategy 7217: inf
08:33:17 | WARNING | [ROBUSTNESS] Dropped non-finite score for strategy 7218: inf
08:33:17 | WARNING | [ROBUSTNESS] Dropped non-finite score for strategy 7219: inf
08:33:17 | WARNING | [ROBUSTNESS] Dropped non-finite score for strategy 7220: inf
08:33:17 | WARNING | [ROBUSTNESS] Dropped non-finite score for strategy 7221: inf
08:33:17 | WARNING | [ROBUSTNESS] Dropped non-finite score for strategy 7222: inf
08:33:17 | WARNING | [ROBUSTNESS] Dropped non-finite score for strategy 7223: inf
08:33:17 | WARNING | [ROBUSTNESS] Dropped non-finite score for strategy 7224: inf
08:33:17 | WARNING | [ROBUSTNESS] Dropped non-finite score for strategy 7225: inf
08:33:17 | WARNING | [ROBUSTNESS] Dropped non-finite score for strategy 7226: inf
08:33:17 | WARNING | [ROBUSTNESS] Dropped non-finite score for strategy 7227: inf
08:33:17 | WARNING | [ROBUSTNESS] Dropped non-finite score for strategy 7228: inf
08:33:17 | WARNING | [ROBUSTNESS] Dropped non-finite score for strategy 7229: inf
08:33:17 | WARNING | [ROBUSTNESS] Dropped non-finite score for strategy 7230: inf
08:33:17 | WARNING | [ROBUSTNESS] Dropped non-finite score for strategy 7231: inf
08:33:17 | WARNING | [ROBUSTNESS] Dropped non-finite score for strategy 7232: inf
08:33:17 | WARNING | [ROBUSTNESS] Dropped non-finite score for strategy 7234: inf
08:33:17 | WARNING | [ROBUSTNESS] Dropped non-finite score for strategy 7235: inf
08:33:17 | WARNING | [ROBUSTNESS] Dropped non-finite score for strategy 7236: inf
08:33:17 | WARNING | [ROBUSTNESS] Dropped non-finite score for strategy 7237: inf
08:33:17 | WARNING | [ROBUSTNESS] Dropped non-finite score for strategy 7238: inf
08:33:17 | WARNING | [ROBUSTNESS] Dropped non-finite score for strategy 7239: inf
08:33:17 | WARNING | [ROBUSTNESS] Dropped non-finite score for strategy 7240: inf
08:33:17 | WARNING | [ROBUSTNESS] Dropped non-finite score for strategy 7241: inf
08:33:17 | WARNING | [ROBUSTNESS] Dropped non-finite score for strategy 7243: inf
08:33:17 | WARNING | [ROBUSTNESS] Dropped non-finite score for strategy 7244: inf
08:33:17 | WARNING | [ROBUSTNESS] Dropped non-finite score for strategy 7245: inf
08:33:17 | WARNING | [ROBUSTNESS] Dropped non-finite score for strategy 7246: inf
08:33:17 | WARNING | [ROBUSTNESS] Dropped non-finite score for strategy 7247: inf
08:33:17 | WARNING | [ROBUSTNESS] Dropped non-finite score for strategy 7248: inf
08:33:17 | WARNING | [ROBUSTNESS] Dropped non-finite score for strategy 7249: inf
08:33:17 | WARNING | [ROBUSTNESS] Dropped non-finite score for strategy 7250: inf
08:33:17 | WARNING | [ROBUSTNESS] Dropped non-finite score for strategy 7252: inf
08:33:17 | WARNING | [ROBUSTNESS] Dropped non-finite score for strategy 7253: inf
08:33:17 | WARNING | [ROBUSTNESS] Dropped non-finite score for strategy 7254: inf
08:33:17 | WARNING | [ROBUSTNESS] Dropped non-finite score for strategy 7255: inf
08:33:17 | WARNING | [ROBUSTNESS] Dropped non-finite score for strategy 7256: inf
08:33:17 | WARNING | [ROBUSTNESS] Dropped non-finite score for strategy 7257: inf
08:33:17 | WARNING | [ROBUSTNESS] Dropped non-finite score for strategy 7260: inf
08:33:17 | WARNING | [ROBUSTNESS] Dropped non-finite score for strategy 7262: inf
08:33:17 | WARNING | [ROBUSTNESS] Dropped non-finite score for strategy 7263: inf
08:33:17 | WARNING | [ROBUSTNESS] Dropped non-finite score for strategy 7264: inf
08:33:17 | WARNING | [ROBUSTNESS] Dropped non-finite score for strategy 7265: inf
08:33:17 | WARNING | [ROBUSTNESS] Dropped non-finite score for strategy 7266: inf
08:33:17 | WARNING | [ROBUSTNESS] Dropped non-finite score for strategy 7268: inf
08:33:17 | WARNING | [ROBUSTNESS] Dropped non-finite score for strategy 7269: inf
08:33:17 | WARNING | [ROBUSTNESS] Dropped non-finite score for strategy 7270: inf
08:33:17 | WARNING | [ROBUSTNESS] Dropped non-finite score for strategy 7271: inf
08:33:17 | WARNING | [ROBUSTNESS] Dropped non-finite score for strategy 7272: inf
08:33:17 | WARNING | [ROBUSTNESS] Dropped non-finite score for strategy 7273: inf
08:33:17 | WARNING | [ROBUSTNESS] Dropped non-finite score for strategy 7274: inf
08:33:17 | WARNING | [ROBUSTNESS] Dropped non-finite score for strategy 7275: inf
08:33:17 | WARNING | [ROBUSTNESS] Dropped non-finite score for strategy 7276: inf
08:33:17 | WARNING | [ROBUSTNESS] Dropped non-finite score for strategy 7277: inf
08:33:17 | WARNING | [ROBUSTNESS] Dropped non-finite score for strategy 7278: inf
08:33:17 | WARNING | [ROBUSTNESS] Dropped non-finite score for strategy 7279: inf
08:33:17 | INFO | [ROBUSTNESS] Consensus ranking enabled (pre-elite, top_k=12, seeds=[41, 42, 43], mode=mean_std, runs=150)
08:33:27 | INFO | [ROBUSTNESS] Consensus re-scored strategies: 12/56 (pre-elite).
08:33:27 | INFO | [ROBUSTNESS] Family diversity reordering applied (top_k=12, max_per_family=4).
08:33:27 | INFO | [ELITE] Round 1/2: generated=120 parents=10 rank10_nominal=0.015859 target=0.015859
08:33:29 | INFO | [ELITE] Round 1: full_eval=1.
08:33:29 | INFO | [ELITE] Round 1: no candidate beat nominal threshold.
08:33:29 | INFO | [ELITE] No candidate added across all rounds.
08:33:29 | INFO | \U0001f3c6 Best Strategy ID: 7133 (THICKNESS²) - Score: 0.03921
08:33:29 | INFO |    [Block 7] Screening complete. Results count: 56
08:33:29 | INFO | Running robustness tests on 241 strategies (ThreadPoolExecutor with 4 workers)...
08:33:47 | WARNING | [ROBUSTNESS] Dropped non-finite score for strategy 900000001: inf
08:33:47 | WARNING | [ROBUSTNESS] Dropped non-finite score for strategy 900000002: inf
08:33:47 | WARNING | [ROBUSTNESS] Dropped non-finite score for strategy 900000003: inf
08:33:47 | WARNING | [ROBUSTNESS] Dropped non-finite score for strategy 900000004: inf
08:33:47 | WARNING | [ROBUSTNESS] Dropped non-finite score for strategy 900000006: inf
08:33:47 | WARNING | [ROBUSTNESS] Dropped non-finite score for strategy 900000007: inf
08:33:47 | WARNING | [ROBUSTNESS] Dropped non-finite score for strategy 900000008: inf
08:33:47 | WARNING | [ROBUSTNESS] Dropped non-finite score for strategy 900000010: inf
08:33:47 | WARNING | [ROBUSTNESS] Dropped non-finite score for strategy 900000011: inf
08:33:47 | WARNING | [ROBUSTNESS] Dropped non-finite score for strategy 900000012: inf
08:33:47 | WARNING | [ROBUSTNESS] Dropped non-finite score for strategy 900000013: inf
08:33:47 | WARNING | [ROBUSTNESS] Dropped non-finite score for strategy 900000015: inf
08:33:47 | WARNING | [ROBUSTNESS] Dropped non-finite score for strategy 900000016: inf
08:33:47 | WARNING | [ROBUSTNESS] Dropped non-finite score for strategy 900000017: inf
08:33:47 | WARNING | [ROBUSTNESS] Dropped non-finite score for strategy 900000018: inf
08:33:47 | WARNING | [ROBUSTNESS] Dropped non-finite score for strategy 900000020: inf
08:33:47 | WARNING | [ROBUSTNESS] Dropped non-finite score for strategy 900000021: inf
08:33:47 | WARNING | [ROBUSTNESS] Dropped non-finite score for strategy 900000022: inf
08:33:47 | WARNING | [ROBUSTNESS] Dropped non-finite score for strategy 900000024: inf
08:33:47 | WARNING | [ROBUSTNESS] Dropped non-finite score for strategy 900000025: inf
08:33:47 | WARNING | [ROBUSTNESS] Dropped non-finite score for strategy 900000026: inf
08:33:47 | WARNING | [ROBUSTNESS] Dropped non-finite score for strategy 900000027: inf
08:33:47 | WARNING | [ROBUSTNESS] Dropped non-finite score for strategy 900000029: inf
08:33:47 | WARNING | [ROBUSTNESS] Dropped non-finite score for strategy 900000030: inf
08:33:47 | WARNING | [ROBUSTNESS] Dropped non-finite score for strategy 900000031: inf
08:33:47 | WARNING | [ROBUSTNESS] Dropped non-finite score for strategy 900000032: inf
08:33:47 | WARNING | [ROBUSTNESS] Dropped non-finite score for strategy 900000033: inf
08:33:47 | WARNING | [ROBUSTNESS] Dropped non-finite score for strategy 900000034: inf
08:33:47 | WARNING | [ROBUSTNESS] Dropped non-finite score for strategy 900000036: inf
08:33:47 | WARNING | [ROBUSTNESS] Dropped non-finite score for strategy 900000037: inf
08:33:47 | WARNING | [ROBUSTNESS] Dropped non-finite score for strategy 900000038: inf
08:33:47 | WARNING | [ROBUSTNESS] Dropped non-finite score for strategy 900000039: inf
08:33:47 | WARNING | [ROBUSTNESS] Dropped non-finite score for strategy 900000040: inf
08:33:47 | WARNING | [ROBUSTNESS] Dropped non-finite score for strategy 900000042: inf
08:33:47 | WARNING | [ROBUSTNESS] Dropped non-finite score for strategy 900000043: inf
08:33:47 | WARNING | [ROBUSTNESS] Dropped non-finite score for strategy 900000044: inf
08:33:47 | WARNING | [ROBUSTNESS] Dropped non-finite score for strategy 900000045: inf
08:33:47 | WARNING | [ROBUSTNESS] Dropped non-finite score for strategy 900000046: inf
08:33:47 | WARNING | [ROBUSTNESS] Dropped non-finite score for strategy 900000047: inf
08:33:47 | WARNING | [ROBUSTNESS] Dropped non-finite score for strategy 900000049: inf
08:33:47 | WARNING | [ROBUSTNESS] Dropped non-finite score for strategy 900000050: inf
08:33:47 | WARNING | [ROBUSTNESS] Dropped non-finite score for strategy 900000051: inf
08:33:47 | WARNING | [ROBUSTNESS] Dropped non-finite score for strategy 900000052: inf
08:33:47 | WARNING | [ROBUSTNESS] Dropped non-finite score for strategy 900000053: inf
08:33:47 | WARNING | [ROBUSTNESS] Dropped non-finite score for strategy 900000055: inf
08:33:47 | WARNING | [ROBUSTNESS] Dropped non-finite score for strategy 900000056: inf
08:33:47 | WARNING | [ROBUSTNESS] Dropped non-finite score for strategy 900000057: inf
08:33:47 | WARNING | [ROBUSTNESS] Dropped non-finite score for strategy 900000058: inf
08:33:47 | WARNING | [ROBUSTNESS] Dropped non-finite score for strategy 900000060: inf
08:33:47 | WARNING | [ROBUSTNESS] Dropped non-finite score for strategy 900000061: inf
08:33:47 | WARNING | [ROBUSTNESS] Dropped non-finite score for strategy 900000062: inf
08:33:47 | WARNING | [ROBUSTNESS] Dropped non-finite score for strategy 900000063: inf
08:33:47 | WARNING | [ROBUSTNESS] Dropped non-finite score for strategy 900000064: inf
08:33:47 | WARNING | [ROBUSTNESS] Dropped non-finite score for strategy 900000065: inf
08:33:47 | WARNING | [ROBUSTNESS] Dropped non-finite score for strategy 900000067: inf
08:33:47 | WARNING | [ROBUSTNESS] Dropped non-finite score for strategy 900000068: inf
08:33:47 | WARNING | [ROBUSTNESS] Dropped non-finite score for strategy 900000069: inf
08:33:47 | WARNING | [ROBUSTNESS] Dropped non-finite score for strategy 900000071: inf
08:33:47 | WARNING | [ROBUSTNESS] Dropped non-finite score for strategy 900000072: inf
08:33:47 | WARNING | [ROBUSTNESS] Dropped non-finite score for strategy 900000073: inf
08:33:47 | WARNING | [ROBUSTNESS] Dropped non-finite score for strategy 900000074: inf
08:33:47 | WARNING | [ROBUSTNESS] Dropped non-finite score for strategy 900000076: inf
08:33:47 | WARNING | [ROBUSTNESS] Dropped non-finite score for strategy 900000077: inf
08:33:47 | WARNING | [ROBUSTNESS] Dropped non-finite score for strategy 900000078: inf
08:33:47 | WARNING | [ROBUSTNESS] Dropped non-finite score for strategy 900000079: inf
08:33:47 | WARNING | [ROBUSTNESS] Dropped non-finite score for strategy 900000080: inf
08:33:47 | WARNING | [ROBUSTNESS] Dropped non-finite score for strategy 900000081: inf
08:33:47 | WARNING | [ROBUSTNESS] Dropped non-finite score for strategy 900000083: inf
08:33:47 | WARNING | [ROBUSTNESS] Dropped non-finite score for strategy 900000084: inf
08:33:47 | WARNING | [ROBUSTNESS] Dropped non-finite score for strategy 900000085: inf
08:33:47 | WARNING | [ROBUSTNESS] Dropped non-finite score for strategy 900000087: inf
08:33:47 | WARNING | [ROBUSTNESS] Dropped non-finite score for strategy 900000088: inf
08:33:47 | WARNING | [ROBUSTNESS] Dropped non-finite score for strategy 900000089: inf
08:33:47 | WARNING | [ROBUSTNESS] Dropped non-finite score for strategy 900000090: inf
08:33:47 | WARNING | [ROBUSTNESS] Dropped non-finite score for strategy 900000091: inf
08:33:47 | WARNING | [ROBUSTNESS] Dropped non-finite score for strategy 900000093: inf
08:33:47 | WARNING | [ROBUSTNESS] Dropped non-finite score for strategy 900000094: inf
08:33:47 | WARNING | [ROBUSTNESS] Dropped non-finite score for strategy 900000095: inf
08:33:47 | WARNING | [ROBUSTNESS] Dropped non-finite score for strategy 900000096: inf
08:33:47 | WARNING | [ROBUSTNESS] Dropped non-finite score for strategy 900000097: inf
08:33:47 | WARNING | [ROBUSTNESS] Dropped non-finite score for strategy 900000098: inf
08:33:47 | WARNING | [ROBUSTNESS] Dropped non-finite score for strategy 900000099: inf
08:33:47 | WARNING | [ROBUSTNESS] Dropped non-finite score for strategy 900000100: inf
08:33:47 | WARNING | [ROBUSTNESS] Dropped non-finite score for strategy 900000101: inf
08:33:47 | WARNING | [ROBUSTNESS] Dropped non-finite score for strategy 900000102: inf
08:33:47 | WARNING | [ROBUSTNESS] Dropped non-finite score for strategy 900000103: inf
08:33:47 | WARNING | [ROBUSTNESS] Dropped non-finite score for strategy 900000105: inf
08:33:47 | WARNING | [ROBUSTNESS] Dropped non-finite score for strategy 900000106: inf
08:33:47 | WARNING | [ROBUSTNESS] Dropped non-finite score for strategy 900000107: inf
08:33:47 | WARNING | [ROBUSTNESS] Dropped non-finite score for strategy 900000108: inf
08:33:47 | WARNING | [ROBUSTNESS] Dropped non-finite score for strategy 900000109: inf
08:33:47 | WARNING | [ROBUSTNESS] Dropped non-finite score for strategy 900000111: inf
08:33:47 | WARNING | [ROBUSTNESS] Dropped non-finite score for strategy 900000112: inf
08:33:47 | WARNING | [ROBUSTNESS] Dropped non-finite score for strategy 900000113: inf
08:33:47 | WARNING | [ROBUSTNESS] Dropped non-finite score for strategy 900000115: inf
08:33:47 | WARNING | [ROBUSTNESS] Dropped non-finite score for strategy 900000116: inf
08:33:47 | WARNING | [ROBUSTNESS] Dropped non-finite score for strategy 900000117: inf
08:33:47 | WARNING | [ROBUSTNESS] Dropped non-finite score for strategy 900000118: inf
08:33:47 | WARNING | [ROBUSTNESS] Dropped non-finite score for strategy 900000120: inf
08:33:47 | WARNING | [ROBUSTNESS] Dropped non-finite score for strategy 900000122: inf
08:33:47 | WARNING | [ROBUSTNESS] Dropped non-finite score for strategy 900000123: inf
08:33:47 | WARNING | [ROBUSTNESS] Dropped non-finite score for strategy 900000124: inf
08:33:47 | WARNING | [ROBUSTNESS] Dropped non-finite score for strategy 900000125: inf
08:33:47 | WARNING | [ROBUSTNESS] Dropped non-finite score for strategy 900000126: inf
08:33:47 | WARNING | [ROBUSTNESS] Dropped non-finite score for strategy 900000127: inf
08:33:47 | WARNING | [ROBUSTNESS] Dropped non-finite score for strategy 900000129: inf
08:33:47 | WARNING | [ROBUSTNESS] Dropped non-finite score for strategy 900000130: inf
08:33:47 | WARNING | [ROBUSTNESS] Dropped non-finite score for strategy 900000131: inf
08:33:47 | WARNING | [ROBUSTNESS] Dropped non-finite score for strategy 900000132: inf
08:33:47 | WARNING | [ROBUSTNESS] Dropped non-finite score for strategy 900000135: inf
08:33:47 | WARNING | [ROBUSTNESS] Dropped non-finite score for strategy 900000136: inf
08:33:47 | WARNING | [ROBUSTNESS] Dropped non-finite score for strategy 900000138: inf
08:33:47 | WARNING | [ROBUSTNESS] Dropped non-finite score for strategy 900000139: inf
08:33:47 | WARNING | [ROBUSTNESS] Dropped non-finite score for strategy 900000140: inf
08:33:47 | WARNING | [ROBUSTNESS] Dropped non-finite score for strategy 900000141: inf
08:33:47 | WARNING | [ROBUSTNESS] Dropped non-finite score for strategy 900000142: inf
08:33:47 | WARNING | [ROBUSTNESS] Dropped non-finite score for strategy 900000143: inf
08:33:47 | WARNING | [ROBUSTNESS] Dropped non-finite score for strategy 900000144: inf
08:33:47 | WARNING | [ROBUSTNESS] Dropped non-finite score for strategy 900000145: inf
08:33:47 | WARNING | [ROBUSTNESS] Dropped non-finite score for strategy 900000146: inf
08:33:47 | WARNING | [ROBUSTNESS] Dropped non-finite score for strategy 900000148: inf
08:33:47 | WARNING | [ROBUSTNESS] Dropped non-finite score for strategy 900000149: inf
08:33:47 | WARNING | [ROBUSTNESS] Dropped non-finite score for strategy 900000150: inf
08:33:47 | WARNING | [ROBUSTNESS] Dropped non-finite score for strategy 900000151: inf
08:33:47 | WARNING | [ROBUSTNESS] Dropped non-finite score for strategy 900000152: inf
08:33:47 | WARNING | [ROBUSTNESS] Dropped non-finite score for strategy 900000153: inf
08:33:47 | WARNING | [ROBUSTNESS] Dropped non-finite score for strategy 900000154: inf
08:33:47 | WARNING | [ROBUSTNESS] Dropped non-finite score for strategy 900000156: inf
08:33:47 | WARNING | [ROBUSTNESS] Dropped non-finite score for strategy 900000157: inf
08:33:47 | WARNING | [ROBUSTNESS] Dropped non-finite score for strategy 900000158: inf
08:33:47 | WARNING | [ROBUSTNESS] Dropped non-finite score for strategy 900000159: inf
08:33:47 | WARNING | [ROBUSTNESS] Dropped non-finite score for strategy 900000160: inf
08:33:47 | WARNING | [ROBUSTNESS] Dropped non-finite score for strategy 900000161: inf
08:33:47 | WARNING | [ROBUSTNESS] Dropped non-finite score for strategy 900000163: inf
08:33:47 | WARNING | [ROBUSTNESS] Dropped non-finite score for strategy 900000164: inf
08:33:47 | WARNING | [ROBUSTNESS] Dropped non-finite score for strategy 900000165: inf
08:33:47 | WARNING | [ROBUSTNESS] Dropped non-finite score for strategy 900000167: inf
08:33:47 | WARNING | [ROBUSTNESS] Dropped non-finite score for strategy 900000168: inf
08:33:47 | WARNING | [ROBUSTNESS] Dropped non-finite score for strategy 900000169: inf
08:33:47 | WARNING | [ROBUSTNESS] Dropped non-finite score for strategy 900000170: inf
08:33:47 | WARNING | [ROBUSTNESS] Dropped non-finite score for strategy 900000171: inf
08:33:47 | WARNING | [ROBUSTNESS] Dropped non-finite score for strategy 900000172: inf
08:33:47 | WARNING | [ROBUSTNESS] Dropped non-finite score for strategy 900000173: inf
08:33:47 | WARNING | [ROBUSTNESS] Dropped non-finite score for strategy 900000174: inf
08:33:47 | WARNING | [ROBUSTNESS] Dropped non-finite score for strategy 900000175: inf
08:33:47 | WARNING | [ROBUSTNESS] Dropped non-finite score for strategy 900000176: inf
08:33:47 | WARNING | [ROBUSTNESS] Dropped non-finite score for strategy 900000177: inf
08:33:47 | WARNING | [ROBUSTNESS] Dropped non-finite score for strategy 900000178: inf
08:33:47 | WARNING | [ROBUSTNESS] Dropped non-finite score for strategy 900000179: inf
08:33:47 | WARNING | [ROBUSTNESS] Dropped non-finite score for strategy 900000180: inf
08:33:47 | WARNING | [ROBUSTNESS] Dropped non-finite score for strategy 900000181: inf
08:33:47 | WARNING | [ROBUSTNESS] Dropped non-finite score for strategy 900000183: inf
08:33:47 | WARNING | [ROBUSTNESS] Dropped non-finite score for strategy 900000184: inf
08:33:47 | WARNING | [ROBUSTNESS] Dropped non-finite score for strategy 900000185: inf
08:33:47 | WARNING | [ROBUSTNESS] Dropped non-finite score for strategy 900000186: inf
08:33:47 | WARNING | [ROBUSTNESS] Dropped non-finite score for strategy 900000188: inf
08:33:47 | WARNING | [ROBUSTNESS] Dropped non-finite score for strategy 900000189: inf
08:33:47 | WARNING | [ROBUSTNESS] Dropped non-finite score for strategy 900000190: inf
08:33:47 | WARNING | [ROBUSTNESS] Dropped non-finite score for strategy 900000191: inf
08:33:47 | WARNING | [ROBUSTNESS] Dropped non-finite score for strategy 900000192: inf
08:33:47 | WARNING | [ROBUSTNESS] Dropped non-finite score for strategy 900000193: inf
08:33:47 | WARNING | [ROBUSTNESS] Dropped non-finite score for strategy 900000194: inf
08:33:47 | WARNING | [ROBUSTNESS] Dropped non-finite score for strategy 900000195: inf
08:33:47 | WARNING | [ROBUSTNESS] Dropped non-finite score for strategy 900000196: inf
08:33:47 | WARNING | [ROBUSTNESS] Dropped non-finite score for strategy 900000198: inf
08:33:47 | WARNING | [ROBUSTNESS] Dropped non-finite score for strategy 900000199: inf
08:33:47 | WARNING | [ROBUSTNESS] Dropped non-finite score for strategy 900000200: inf
08:33:47 | WARNING | [ROBUSTNESS] Dropped non-finite score for strategy 900000201: inf
08:33:47 | WARNING | [ROBUSTNESS] Dropped non-finite score for strategy 900000202: inf
08:33:47 | WARNING | [ROBUSTNESS] Dropped non-finite score for strategy 900000203: inf
08:33:47 | WARNING | [ROBUSTNESS] Dropped non-finite score for strategy 900000204: inf
08:33:47 | WARNING | [ROBUSTNESS] Dropped non-finite score for strategy 900000206: inf
08:33:47 | WARNING | [ROBUSTNESS] Dropped non-finite score for strategy 900000207: inf
08:33:47 | WARNING | [ROBUSTNESS] Dropped non-finite score for strategy 900000208: inf
08:33:47 | WARNING | [ROBUSTNESS] Dropped non-finite score for strategy 900000209: inf
08:33:47 | WARNING | [ROBUSTNESS] Dropped non-finite score for strategy 900000211: inf
08:33:47 | WARNING | [ROBUSTNESS] Dropped non-finite score for strategy 900000212: inf
08:33:47 | WARNING | [ROBUSTNESS] Dropped non-finite score for strategy 900000213: inf
08:33:47 | WARNING | [ROBUSTNESS] Dropped non-finite score for strategy 900000214: inf
08:33:47 | WARNING | [ROBUSTNESS] Dropped non-finite score for strategy 900000215: inf
08:33:47 | WARNING | [ROBUSTNESS] Dropped non-finite score for strategy 900000216: inf
08:33:47 | WARNING | [ROBUSTNESS] Dropped non-finite score for strategy 900000217: inf
08:33:47 | WARNING | [ROBUSTNESS] Dropped non-finite score for strategy 900000219: inf
08:33:47 | WARNING | [ROBUSTNESS] Dropped non-finite score for strategy 900000220: inf
08:33:47 | WARNING | [ROBUSTNESS] Dropped non-finite score for strategy 900000221: inf
08:33:47 | WARNING | [ROBUSTNESS] Dropped non-finite score for strategy 900000224: inf
08:33:47 | WARNING | [ROBUSTNESS] Dropped non-finite score for strategy 900000225: inf
08:33:47 | WARNING | [ROBUSTNESS] Dropped non-finite score for strategy 900000226: inf
08:33:47 | WARNING | [ROBUSTNESS] Dropped non-finite score for strategy 900000227: inf
08:33:47 | WARNING | [ROBUSTNESS] Dropped non-finite score for strategy 900000228: inf
08:33:47 | WARNING | [ROBUSTNESS] Dropped non-finite score for strategy 900000229: inf
08:33:47 | WARNING | [ROBUSTNESS] Dropped non-finite score for strategy 900000230: inf
08:33:47 | WARNING | [ROBUSTNESS] Dropped non-finite score for strategy 900000231: inf
08:33:47 | WARNING | [ROBUSTNESS] Dropped non-finite score for strategy 900000232: inf
08:33:47 | WARNING | [ROBUSTNESS] Dropped non-finite score for strategy 900000233: inf
08:33:47 | WARNING | [ROBUSTNESS] Dropped non-finite score for strategy 900000234: inf
08:33:47 | WARNING | [ROBUSTNESS] Dropped non-finite score for strategy 900000236: inf
08:33:47 | WARNING | [ROBUSTNESS] Dropped non-finite score for strategy 900000237: inf
08:33:47 | WARNING | [ROBUSTNESS] Dropped non-finite score for strategy 900000238: inf
08:33:47 | WARNING | [ROBUSTNESS] Dropped non-finite score for strategy 900000240: inf
08:33:47 | WARNING | [ROBUSTNESS] Dropped non-finite score for strategy 900000241: inf
08:33:47 | INFO | [ROBUSTNESS] Consensus ranking enabled (pre-elite, top_k=12, seeds=[41, 42, 43], mode=mean_std, runs=150)
08:33:58 | INFO | [ROBUSTNESS] Consensus re-scored strategies: 12/40 (pre-elite).
08:33:58 | INFO | [ELITE] Round 1/2: generated=120 parents=10 rank10_nominal=0.014692 target=0.014692
08:34:00 | INFO | [ELITE] Round 1: full_eval=34.
08:34:02 | INFO | [ELITE] Round 1: added 5 strategy(ies) above threshold.
08:34:02 | INFO | [ROBUSTNESS] Consensus ranking enabled (post-elite-r1, top_k=12, seeds=[41, 42, 43], mode=mean_std, runs=150)
08:34:11 | INFO | [ROBUSTNESS] Consensus re-scored strategies: 12/45 (post-elite-r1).
08:34:11 | INFO | [ROBUSTNESS] Family diversity reordering applied (top_k=12, max_per_family=4).
08:34:11 | INFO | [ELITE] Round 2/2: generated=120 parents=10 rank10_nominal=0.017929 target=0.017929
08:34:13 | INFO | [ELITE] Round 2: full_eval=35.
08:34:15 | INFO | [ELITE] Round 2: added 23 strategy(ies) above threshold.
08:34:15 | INFO | [ROBUSTNESS] Consensus ranking enabled (post-elite-r2, top_k=12, seeds=[41, 42, 43], mode=mean_std, runs=150)
08:34:26 | INFO | [ROBUSTNESS] Consensus re-scored strategies: 12/68 (post-elite-r2).
08:34:26 | INFO | [ROBUSTNESS] Family diversity reordering applied (top_k=12, max_per_family=4).
08:34:26 | INFO | \U0001f3c6 Best Strategy ID: 900000305 (ELITE) - Score: 0.03663
08:34:26 | INFO |    [Block 7] Full pass on 20 survivors (n_full=150)...
08:34:26 | INFO | Running robustness tests on 20 strategies (ThreadPoolExecutor with 4 workers)...
08:34:33 | WARNING | [ROBUSTNESS] Dropped non-finite score for strategy 7149: inf
08:34:33 | WARNING | [ROBUSTNESS] Dropped non-finite score for strategy 7177: inf
08:34:33 | INFO | [ROBUSTNESS] Consensus ranking enabled (pre-elite, top_k=12, seeds=[41, 42, 43], mode=mean_std, runs=150)
08:34:43 | INFO | [ROBUSTNESS] Consensus re-scored strategies: 12/18 (pre-elite).
08:34:43 | INFO | [ROBUSTNESS] Family diversity reordering applied (top_k=12, max_per_family=4).
08:34:43 | INFO | [ELITE] Round 1/2: generated=120 parents=10 rank10_nominal=0.013683 target=0.013683
08:34:51 | INFO | [ELITE] Round 1: full_eval=36.
08:35:02 | INFO | [ELITE] Round 1: added 3 strategy(ies) above threshold.
08:35:02 | INFO | [ROBUSTNESS] Consensus ranking enabled (post-elite-r1, top_k=12, seeds=[41, 42, 43], mode=mean_std, runs=150)
08:35:03 | INFO | [ROBUSTNESS] Consensus re-scored strategies: 12/21 (post-elite-r1).
08:35:03 | INFO | [ROBUSTNESS] Family diversity reordering applied (top_k=12, max_per_family=4).
08:35:03 | INFO | [ELITE] Round 2/2: generated=120 parents=10 rank10_nominal=0.013683 target=0.013683
08:35:11 | INFO | [ELITE] Round 2: full_eval=36.
08:35:21 | INFO | [ELITE] Round 2: no candidate beat nominal threshold.
08:35:21 | INFO | \U0001f3c6 Best Strategy ID: 900000305 (ELITE) - Score: 0.03663
08:35:21 | INFO | [Block 7] Best strategy ready: RMSE=0.03663 blocks=7
08:35:22 | INFO |    [Block 6] Mining found 240 strategies.
08:35:22 | INFO |    [Block 6] Running screening on 240 strategies...
08:35:22 | INFO | Running robustness tests on 240 strategies (ThreadPoolExecutor with 4 workers)...
08:35:39 | WARNING | [ROBUSTNESS] Dropped non-finite score for strategy 6000: inf
08:35:39 | WARNING | [ROBUSTNESS] Dropped non-finite score for strategy 6001: inf
08:35:39 | WARNING | [ROBUSTNESS] Dropped non-finite score for strategy 6004: inf
08:35:39 | WARNING | [ROBUSTNESS] Dropped non-finite score for strategy 6007: inf
08:35:39 | WARNING | [ROBUSTNESS] Dropped non-finite score for strategy 6010: inf
08:35:39 | WARNING | [ROBUSTNESS] Dropped non-finite score for strategy 6012: inf
08:35:39 | WARNING | [ROBUSTNESS] Dropped non-finite score for strategy 6013: inf
08:35:39 | WARNING | [ROBUSTNESS] Dropped non-finite score for strategy 6016: inf
08:35:39 | WARNING | [ROBUSTNESS] Dropped non-finite score for strategy 6017: inf
08:35:39 | WARNING | [ROBUSTNESS] Dropped non-finite score for strategy 6018: inf
08:35:39 | WARNING | [ROBUSTNESS] Dropped non-finite score for strategy 6020: inf
08:35:39 | WARNING | [ROBUSTNESS] Dropped non-finite score for strategy 6022: inf
08:35:39 | WARNING | [ROBUSTNESS] Dropped non-finite score for strategy 6023: inf
08:35:39 | WARNING | [ROBUSTNESS] Dropped non-finite score for strategy 6025: inf
08:35:39 | WARNING | [ROBUSTNESS] Dropped non-finite score for strategy 6026: inf
08:35:39 | WARNING | [ROBUSTNESS] Dropped non-finite score for strategy 6028: inf
08:35:39 | WARNING | [ROBUSTNESS] Dropped non-finite score for strategy 6030: inf
08:35:39 | WARNING | [ROBUSTNESS] Dropped non-finite score for strategy 6031: inf
08:35:39 | WARNING | [ROBUSTNESS] Dropped non-finite score for strategy 6032: inf
08:35:39 | WARNING | [ROBUSTNESS] Dropped non-finite score for strategy 6033: inf
08:35:39 | WARNING | [ROBUSTNESS] Dropped non-finite score for strategy 6034: inf
08:35:39 | WARNING | [ROBUSTNESS] Dropped non-finite score for strategy 6035: inf
08:35:39 | WARNING | [ROBUSTNESS] Dropped non-finite score for strategy 6036: inf
08:35:39 | WARNING | [ROBUSTNESS] Dropped non-finite score for strategy 6037: inf
08:35:39 | WARNING | [ROBUSTNESS] Dropped non-finite score for strategy 6038: inf
08:35:39 | WARNING | [ROBUSTNESS] Dropped non-finite score for strategy 6039: inf
08:35:39 | WARNING | [ROBUSTNESS] Dropped non-finite score for strategy 6040: inf
08:35:39 | WARNING | [ROBUSTNESS] Dropped non-finite score for strategy 6042: inf
08:35:39 | WARNING | [ROBUSTNESS] Dropped non-finite score for strategy 6043: inf
08:35:39 | WARNING | [ROBUSTNESS] Dropped non-finite score for strategy 6045: inf
08:35:39 | WARNING | [ROBUSTNESS] Dropped non-finite score for strategy 6046: inf
08:35:39 | WARNING | [ROBUSTNESS] Dropped non-finite score for strategy 6047: inf
08:35:39 | WARNING | [ROBUSTNESS] Dropped non-finite score for strategy 6048: inf
08:35:39 | WARNING | [ROBUSTNESS] Dropped non-finite score for strategy 6049: inf
08:35:39 | WARNING | [ROBUSTNESS] Dropped non-finite score for strategy 6050: inf
08:35:39 | WARNING | [ROBUSTNESS] Dropped non-finite score for strategy 6051: inf
08:35:39 | WARNING | [ROBUSTNESS] Dropped non-finite score for strategy 6052: inf
08:35:39 | WARNING | [ROBUSTNESS] Dropped non-finite score for strategy 6053: inf
08:35:39 | WARNING | [ROBUSTNESS] Dropped non-finite score for strategy 6055: inf
08:35:39 | WARNING | [ROBUSTNESS] Dropped non-finite score for strategy 6056: inf
08:35:39 | WARNING | [ROBUSTNESS] Dropped non-finite score for strategy 6057: inf
08:35:39 | WARNING | [ROBUSTNESS] Dropped non-finite score for strategy 6058: inf
08:35:39 | WARNING | [ROBUSTNESS] Dropped non-finite score for strategy 6059: inf
08:35:39 | WARNING | [ROBUSTNESS] Dropped non-finite score for strategy 6060: inf
08:35:39 | WARNING | [ROBUSTNESS] Dropped non-finite score for strategy 6062: inf
08:35:39 | WARNING | [ROBUSTNESS] Dropped non-finite score for strategy 6063: inf
08:35:39 | WARNING | [ROBUSTNESS] Dropped non-finite score for strategy 6065: inf
08:35:39 | WARNING | [ROBUSTNESS] Dropped non-finite score for strategy 6066: inf
08:35:39 | WARNING | [ROBUSTNESS] Dropped non-finite score for strategy 6067: inf
08:35:39 | WARNING | [ROBUSTNESS] Dropped non-finite score for strategy 6068: inf
08:35:39 | WARNING | [ROBUSTNESS] Dropped non-finite score for strategy 6070: inf
08:35:39 | WARNING | [ROBUSTNESS] Dropped non-finite score for strategy 6071: inf
08:35:39 | WARNING | [ROBUSTNESS] Dropped non-finite score for strategy 6072: inf
08:35:39 | WARNING | [ROBUSTNESS] Dropped non-finite score for strategy 6073: inf
08:35:39 | WARNING | [ROBUSTNESS] Dropped non-finite score for strategy 6074: inf
08:35:39 | WARNING | [ROBUSTNESS] Dropped non-finite score for strategy 6075: inf
08:35:39 | WARNING | [ROBUSTNESS] Dropped non-finite score for strategy 6076: inf
08:35:39 | WARNING | [ROBUSTNESS] Dropped non-finite score for strategy 6077: inf
08:35:39 | WARNING | [ROBUSTNESS] Dropped non-finite score for strategy 6078: inf
08:35:39 | WARNING | [ROBUSTNESS] Dropped non-finite score for strategy 6079: inf
08:35:39 | WARNING | [ROBUSTNESS] Dropped non-finite score for strategy 6100: inf
08:35:39 | WARNING | [ROBUSTNESS] Dropped non-finite score for strategy 6101: inf
08:35:39 | WARNING | [ROBUSTNESS] Dropped non-finite score for strategy 6107: inf
08:35:39 | WARNING | [ROBUSTNESS] Dropped non-finite score for strategy 6110: inf
08:35:39 | WARNING | [ROBUSTNESS] Dropped non-finite score for strategy 6113: inf
08:35:39 | WARNING | [ROBUSTNESS] Dropped non-finite score for strategy 6115: inf
08:35:39 | WARNING | [ROBUSTNESS] Dropped non-finite score for strategy 6118: inf
08:35:39 | WARNING | [ROBUSTNESS] Dropped non-finite score for strategy 6120: inf
08:35:39 | WARNING | [ROBUSTNESS] Dropped non-finite score for strategy 6122: inf
08:35:39 | WARNING | [ROBUSTNESS] Dropped non-finite score for strategy 6123: inf
08:35:39 | WARNING | [ROBUSTNESS] Dropped non-finite score for strategy 6126: inf
08:35:39 | WARNING | [ROBUSTNESS] Dropped non-finite score for strategy 6127: inf
08:35:39 | WARNING | [ROBUSTNESS] Dropped non-finite score for strategy 6130: inf
08:35:39 | WARNING | [ROBUSTNESS] Dropped non-finite score for strategy 6135: inf
08:35:39 | WARNING | [ROBUSTNESS] Dropped non-finite score for strategy 6136: inf
08:35:39 | WARNING | [ROBUSTNESS] Dropped non-finite score for strategy 6139: inf
08:35:39 | WARNING | [ROBUSTNESS] Dropped non-finite score for strategy 6140: inf
08:35:39 | WARNING | [ROBUSTNESS] Dropped non-finite score for strategy 6141: inf
08:35:39 | WARNING | [ROBUSTNESS] Dropped non-finite score for strategy 6143: inf
08:35:39 | WARNING | [ROBUSTNESS] Dropped non-finite score for strategy 6144: inf
08:35:39 | WARNING | [ROBUSTNESS] Dropped non-finite score for strategy 6147: inf
08:35:39 | WARNING | [ROBUSTNESS] Dropped non-finite score for strategy 6148: inf
08:35:39 | WARNING | [ROBUSTNESS] Dropped non-finite score for strategy 6149: inf
08:35:39 | WARNING | [ROBUSTNESS] Dropped non-finite score for strategy 6152: inf
08:35:39 | WARNING | [ROBUSTNESS] Dropped non-finite score for strategy 6153: inf
08:35:39 | WARNING | [ROBUSTNESS] Dropped non-finite score for strategy 6154: inf
08:35:39 | WARNING | [ROBUSTNESS] Dropped non-finite score for strategy 6155: inf
08:35:39 | WARNING | [ROBUSTNESS] Dropped non-finite score for strategy 6156: inf
08:35:39 | WARNING | [ROBUSTNESS] Dropped non-finite score for strategy 6158: inf
08:35:39 | WARNING | [ROBUSTNESS] Dropped non-finite score for strategy 6163: inf
08:35:39 | WARNING | [ROBUSTNESS] Dropped non-finite score for strategy 6164: inf
08:35:39 | WARNING | [ROBUSTNESS] Dropped non-finite score for strategy 6165: inf
08:35:39 | WARNING | [ROBUSTNESS] Dropped non-finite score for strategy 6166: inf
08:35:39 | WARNING | [ROBUSTNESS] Dropped non-finite score for strategy 6167: inf
08:35:39 | WARNING | [ROBUSTNESS] Dropped non-finite score for strategy 6168: inf
08:35:39 | WARNING | [ROBUSTNESS] Dropped non-finite score for strategy 6169: inf
08:35:39 | WARNING | [ROBUSTNESS] Dropped non-finite score for strategy 6170: inf
08:35:39 | WARNING | [ROBUSTNESS] Dropped non-finite score for strategy 6171: inf
08:35:39 | WARNING | [ROBUSTNESS] Dropped non-finite score for strategy 6173: inf
08:35:39 | WARNING | [ROBUSTNESS] Dropped non-finite score for strategy 6174: inf
08:35:39 | WARNING | [ROBUSTNESS] Dropped non-finite score for strategy 6175: inf
08:35:39 | WARNING | [ROBUSTNESS] Dropped non-finite score for strategy 6177: inf
08:35:39 | WARNING | [ROBUSTNESS] Dropped non-finite score for strategy 6178: inf
08:35:39 | WARNING | [ROBUSTNESS] Dropped non-finite score for strategy 6179: inf
08:35:39 | WARNING | [ROBUSTNESS] Dropped non-finite score for strategy 6200: inf
08:35:39 | WARNING | [ROBUSTNESS] Dropped non-finite score for strategy 6201: inf
08:35:39 | WARNING | [ROBUSTNESS] Dropped non-finite score for strategy 6204: inf
08:35:39 | WARNING | [ROBUSTNESS] Dropped non-finite score for strategy 6207: inf
08:35:39 | WARNING | [ROBUSTNESS] Dropped non-finite score for strategy 6210: inf
08:35:39 | WARNING | [ROBUSTNESS] Dropped non-finite score for strategy 6212: inf
08:35:39 | WARNING | [ROBUSTNESS] Dropped non-finite score for strategy 6213: inf
08:35:39 | WARNING | [ROBUSTNESS] Dropped non-finite score for strategy 6216: inf
08:35:39 | WARNING | [ROBUSTNESS] Dropped non-finite score for strategy 6217: inf
08:35:39 | WARNING | [ROBUSTNESS] Dropped non-finite score for strategy 6218: inf
08:35:39 | WARNING | [ROBUSTNESS] Dropped non-finite score for strategy 6220: inf
08:35:39 | WARNING | [ROBUSTNESS] Dropped non-finite score for strategy 6222: inf
08:35:39 | WARNING | [ROBUSTNESS] Dropped non-finite score for strategy 6223: inf
08:35:39 | WARNING | [ROBUSTNESS] Dropped non-finite score for strategy 6225: inf
08:35:39 | WARNING | [ROBUSTNESS] Dropped non-finite score for strategy 6226: inf
08:35:39 | WARNING | [ROBUSTNESS] Dropped non-finite score for strategy 6228: inf
08:35:39 | WARNING | [ROBUSTNESS] Dropped non-finite score for strategy 6230: inf
08:35:39 | WARNING | [ROBUSTNESS] Dropped non-finite score for strategy 6231: inf
08:35:39 | WARNING | [ROBUSTNESS] Dropped non-finite score for strategy 6232: inf
08:35:39 | WARNING | [ROBUSTNESS] Dropped non-finite score for strategy 6233: inf
08:35:39 | WARNING | [ROBUSTNESS] Dropped non-finite score for strategy 6234: inf
08:35:39 | WARNING | [ROBUSTNESS] Dropped non-finite score for strategy 6235: inf
08:35:39 | WARNING | [ROBUSTNESS] Dropped non-finite score for strategy 6236: inf
08:35:39 | WARNING | [ROBUSTNESS] Dropped non-finite score for strategy 6237: inf
08:35:39 | WARNING | [ROBUSTNESS] Dropped non-finite score for strategy 6238: inf
08:35:39 | WARNING | [ROBUSTNESS] Dropped non-finite score for strategy 6239: inf
08:35:39 | WARNING | [ROBUSTNESS] Dropped non-finite score for strategy 6240: inf
08:35:39 | WARNING | [ROBUSTNESS] Dropped non-finite score for strategy 6242: inf
08:35:39 | WARNING | [ROBUSTNESS] Dropped non-finite score for strategy 6243: inf
08:35:39 | WARNING | [ROBUSTNESS] Dropped non-finite score for strategy 6245: inf
08:35:39 | WARNING | [ROBUSTNESS] Dropped non-finite score for strategy 6246: inf
08:35:39 | WARNING | [ROBUSTNESS] Dropped non-finite score for strategy 6247: inf
08:35:39 | WARNING | [ROBUSTNESS] Dropped non-finite score for strategy 6248: inf
08:35:39 | WARNING | [ROBUSTNESS] Dropped non-finite score for strategy 6249: inf
08:35:39 | WARNING | [ROBUSTNESS] Dropped non-finite score for strategy 6250: inf
08:35:39 | WARNING | [ROBUSTNESS] Dropped non-finite score for strategy 6251: inf
08:35:39 | WARNING | [ROBUSTNESS] Dropped non-finite score for strategy 6252: inf
08:35:39 | WARNING | [ROBUSTNESS] Dropped non-finite score for strategy 6253: inf
08:35:39 | WARNING | [ROBUSTNESS] Dropped non-finite score for strategy 6255: inf
08:35:39 | WARNING | [ROBUSTNESS] Dropped non-finite score for strategy 6256: inf
08:35:39 | WARNING | [ROBUSTNESS] Dropped non-finite score for strategy 6257: inf
08:35:39 | WARNING | [ROBUSTNESS] Dropped non-finite score for strategy 6258: inf
08:35:39 | WARNING | [ROBUSTNESS] Dropped non-finite score for strategy 6259: inf
08:35:39 | WARNING | [ROBUSTNESS] Dropped non-finite score for strategy 6260: inf
08:35:39 | WARNING | [ROBUSTNESS] Dropped non-finite score for strategy 6262: inf
08:35:39 | WARNING | [ROBUSTNESS] Dropped non-finite score for strategy 6263: inf
08:35:39 | WARNING | [ROBUSTNESS] Dropped non-finite score for strategy 6265: inf
08:35:39 | WARNING | [ROBUSTNESS] Dropped non-finite score for strategy 6266: inf
08:35:39 | WARNING | [ROBUSTNESS] Dropped non-finite score for strategy 6267: inf
08:35:39 | WARNING | [ROBUSTNESS] Dropped non-finite score for strategy 6268: inf
08:35:39 | WARNING | [ROBUSTNESS] Dropped non-finite score for strategy 6270: inf
08:35:39 | WARNING | [ROBUSTNESS] Dropped non-finite score for strategy 6271: inf
08:35:39 | WARNING | [ROBUSTNESS] Dropped non-finite score for strategy 6272: inf
08:35:39 | WARNING | [ROBUSTNESS] Dropped non-finite score for strategy 6273: inf
08:35:39 | WARNING | [ROBUSTNESS] Dropped non-finite score for strategy 6274: inf
08:35:39 | WARNING | [ROBUSTNESS] Dropped non-finite score for strategy 6275: inf
08:35:39 | WARNING | [ROBUSTNESS] Dropped non-finite score for strategy 6276: inf
08:35:39 | WARNING | [ROBUSTNESS] Dropped non-finite score for strategy 6277: inf
08:35:39 | WARNING | [ROBUSTNESS] Dropped non-finite score for strategy 6278: inf
08:35:39 | WARNING | [ROBUSTNESS] Dropped non-finite score for strategy 6279: inf
08:35:39 | INFO | [ROBUSTNESS] Consensus ranking enabled (pre-elite, top_k=12, seeds=[41, 42, 43], mode=mean_std, runs=150)
08:35:50 | INFO | [ROBUSTNESS] Consensus re-scored strategies: 12/76 (pre-elite).
08:35:50 | INFO | [ROBUSTNESS] Family diversity reordering applied (top_k=12, max_per_family=4).
08:35:50 | INFO | [ELITE] Round 1/2: generated=81 parents=10 rank10_nominal=0.017579 target=0.017579
08:35:52 | INFO | [ELITE] Round 1: full_eval=34.
08:35:54 | INFO | [ELITE] Round 1: added 11 strategy(ies) above threshold.
08:35:54 | INFO | [ROBUSTNESS] Consensus ranking enabled (post-elite-r1, top_k=12, seeds=[41, 42, 43], mode=mean_std, runs=150)
08:36:03 | INFO | [ROBUSTNESS] Consensus re-scored strategies: 12/87 (post-elite-r1).
08:36:03 | INFO | [ELITE] Round 2/2: generated=113 parents=10 rank10_nominal=0.017456 target=0.017456
08:36:06 | INFO | [ELITE] Round 2: full_eval=25.
08:36:07 | INFO | [ELITE] Round 2: added 7 strategy(ies) above threshold.
08:36:07 | INFO | [ROBUSTNESS] Consensus ranking enabled (post-elite-r2, top_k=12, seeds=[41, 42, 43], mode=mean_std, runs=150)
08:36:16 | INFO | [ROBUSTNESS] Consensus re-scored strategies: 12/94 (post-elite-r2).
08:36:16 | INFO | \U0001f3c6 Best Strategy ID: 6132 (THICKNESS²) - Score: 0.03315
08:36:16 | INFO |    [Block 6] Screening complete. Results count: 94
08:36:16 | INFO | Running robustness tests on 217 strategies (ThreadPoolExecutor with 4 workers)...
08:36:32 | WARNING | [ROBUSTNESS] Dropped non-finite score for strategy 900000002: inf
08:36:32 | WARNING | [ROBUSTNESS] Dropped non-finite score for strategy 900000003: inf
08:36:32 | WARNING | [ROBUSTNESS] Dropped non-finite score for strategy 900000004: inf
08:36:32 | WARNING | [ROBUSTNESS] Dropped non-finite score for strategy 900000006: inf
08:36:32 | WARNING | [ROBUSTNESS] Dropped non-finite score for strategy 900000007: inf
08:36:32 | WARNING | [ROBUSTNESS] Dropped non-finite score for strategy 900000010: inf
08:36:32 | WARNING | [ROBUSTNESS] Dropped non-finite score for strategy 900000011: inf
08:36:32 | WARNING | [ROBUSTNESS] Dropped non-finite score for strategy 900000012: inf
08:36:32 | WARNING | [ROBUSTNESS] Dropped non-finite score for strategy 900000014: inf
08:36:32 | WARNING | [ROBUSTNESS] Dropped non-finite score for strategy 900000017: inf
08:36:32 | WARNING | [ROBUSTNESS] Dropped non-finite score for strategy 900000018: inf
08:36:32 | WARNING | [ROBUSTNESS] Dropped non-finite score for strategy 900000019: inf
08:36:32 | WARNING | [ROBUSTNESS] Dropped non-finite score for strategy 900000021: inf
08:36:32 | WARNING | [ROBUSTNESS] Dropped non-finite score for strategy 900000022: inf
08:36:32 | WARNING | [ROBUSTNESS] Dropped non-finite score for strategy 900000023: inf
08:36:32 | WARNING | [ROBUSTNESS] Dropped non-finite score for strategy 900000024: inf
08:36:32 | WARNING | [ROBUSTNESS] Dropped non-finite score for strategy 900000026: inf
08:36:32 | WARNING | [ROBUSTNESS] Dropped non-finite score for strategy 900000027: inf
08:36:32 | WARNING | [ROBUSTNESS] Dropped non-finite score for strategy 900000030: inf
08:36:32 | WARNING | [ROBUSTNESS] Dropped non-finite score for strategy 900000031: inf
08:36:32 | WARNING | [ROBUSTNESS] Dropped non-finite score for strategy 900000032: inf
08:36:32 | WARNING | [ROBUSTNESS] Dropped non-finite score for strategy 900000034: inf
08:36:32 | WARNING | [ROBUSTNESS] Dropped non-finite score for strategy 900000035: inf
08:36:32 | WARNING | [ROBUSTNESS] Dropped non-finite score for strategy 900000037: inf
08:36:32 | WARNING | [ROBUSTNESS] Dropped non-finite score for strategy 900000039: inf
08:36:32 | WARNING | [ROBUSTNESS] Dropped non-finite score for strategy 900000041: inf
08:36:32 | WARNING | [ROBUSTNESS] Dropped non-finite score for strategy 900000042: inf
08:36:32 | WARNING | [ROBUSTNESS] Dropped non-finite score for strategy 900000043: inf
08:36:32 | WARNING | [ROBUSTNESS] Dropped non-finite score for strategy 900000044: inf
08:36:32 | WARNING | [ROBUSTNESS] Dropped non-finite score for strategy 900000046: inf
08:36:32 | WARNING | [ROBUSTNESS] Dropped non-finite score for strategy 900000048: inf
08:36:32 | WARNING | [ROBUSTNESS] Dropped non-finite score for strategy 900000049: inf
08:36:32 | WARNING | [ROBUSTNESS] Dropped non-finite score for strategy 900000050: inf
08:36:32 | WARNING | [ROBUSTNESS] Dropped non-finite score for strategy 900000051: inf
08:36:32 | WARNING | [ROBUSTNESS] Dropped non-finite score for strategy 900000053: inf
08:36:32 | WARNING | [ROBUSTNESS] Dropped non-finite score for strategy 900000054: inf
08:36:32 | WARNING | [ROBUSTNESS] Dropped non-finite score for strategy 900000056: inf
08:36:32 | WARNING | [ROBUSTNESS] Dropped non-finite score for strategy 900000057: inf
08:36:32 | WARNING | [ROBUSTNESS] Dropped non-finite score for strategy 900000058: inf
08:36:32 | WARNING | [ROBUSTNESS] Dropped non-finite score for strategy 900000059: inf
08:36:32 | WARNING | [ROBUSTNESS] Dropped non-finite score for strategy 900000062: inf
08:36:32 | WARNING | [ROBUSTNESS] Dropped non-finite score for strategy 900000063: inf
08:36:32 | WARNING | [ROBUSTNESS] Dropped non-finite score for strategy 900000065: inf
08:36:32 | WARNING | [ROBUSTNESS] Dropped non-finite score for strategy 900000067: inf
08:36:32 | WARNING | [ROBUSTNESS] Dropped non-finite score for strategy 900000069: inf
08:36:32 | WARNING | [ROBUSTNESS] Dropped non-finite score for strategy 900000070: inf
08:36:32 | WARNING | [ROBUSTNESS] Dropped non-finite score for strategy 900000071: inf
08:36:32 | WARNING | [ROBUSTNESS] Dropped non-finite score for strategy 900000072: inf
08:36:32 | WARNING | [ROBUSTNESS] Dropped non-finite score for strategy 900000074: inf
08:36:32 | WARNING | [ROBUSTNESS] Dropped non-finite score for strategy 900000076: inf
08:36:32 | WARNING | [ROBUSTNESS] Dropped non-finite score for strategy 900000077: inf
08:36:32 | WARNING | [ROBUSTNESS] Dropped non-finite score for strategy 900000079: inf
08:36:32 | WARNING | [ROBUSTNESS] Dropped non-finite score for strategy 900000081: inf
08:36:32 | WARNING | [ROBUSTNESS] Dropped non-finite score for strategy 900000082: inf
08:36:32 | WARNING | [ROBUSTNESS] Dropped non-finite score for strategy 900000083: inf
08:36:32 | WARNING | [ROBUSTNESS] Dropped non-finite score for strategy 900000085: inf
08:36:32 | WARNING | [ROBUSTNESS] Dropped non-finite score for strategy 900000086: inf
08:36:32 | WARNING | [ROBUSTNESS] Dropped non-finite score for strategy 900000087: inf
08:36:32 | WARNING | [ROBUSTNESS] Dropped non-finite score for strategy 900000088: inf
08:36:32 | WARNING | [ROBUSTNESS] Dropped non-finite score for strategy 900000091: inf
08:36:32 | WARNING | [ROBUSTNESS] Dropped non-finite score for strategy 900000092: inf
08:36:32 | WARNING | [ROBUSTNESS] Dropped non-finite score for strategy 900000093: inf
08:36:32 | WARNING | [ROBUSTNESS] Dropped non-finite score for strategy 900000095: inf
08:36:32 | WARNING | [ROBUSTNESS] Dropped non-finite score for strategy 900000096: inf
08:36:32 | WARNING | [ROBUSTNESS] Dropped non-finite score for strategy 900000097: inf
08:36:32 | WARNING | [ROBUSTNESS] Dropped non-finite score for strategy 900000098: inf
08:36:32 | WARNING | [ROBUSTNESS] Dropped non-finite score for strategy 900000099: inf
08:36:32 | WARNING | [ROBUSTNESS] Dropped non-finite score for strategy 900000100: inf
08:36:32 | WARNING | [ROBUSTNESS] Dropped non-finite score for strategy 900000102: inf
08:36:32 | WARNING | [ROBUSTNESS] Dropped non-finite score for strategy 900000103: inf
08:36:32 | WARNING | [ROBUSTNESS] Dropped non-finite score for strategy 900000104: inf
08:36:32 | WARNING | [ROBUSTNESS] Dropped non-finite score for strategy 900000105: inf
08:36:32 | WARNING | [ROBUSTNESS] Dropped non-finite score for strategy 900000106: inf
08:36:32 | WARNING | [ROBUSTNESS] Dropped non-finite score for strategy 900000108: inf
08:36:32 | WARNING | [ROBUSTNESS] Dropped non-finite score for strategy 900000110: inf
08:36:32 | WARNING | [ROBUSTNESS] Dropped non-finite score for strategy 900000113: inf
08:36:32 | WARNING | [ROBUSTNESS] Dropped non-finite score for strategy 900000114: inf
08:36:32 | WARNING | [ROBUSTNESS] Dropped non-finite score for strategy 900000115: inf
08:36:32 | WARNING | [ROBUSTNESS] Dropped non-finite score for strategy 900000116: inf
08:36:32 | WARNING | [ROBUSTNESS] Dropped non-finite score for strategy 900000117: inf
08:36:32 | WARNING | [ROBUSTNESS] Dropped non-finite score for strategy 900000119: inf
08:36:32 | WARNING | [ROBUSTNESS] Dropped non-finite score for strategy 900000122: inf
08:36:32 | WARNING | [ROBUSTNESS] Dropped non-finite score for strategy 900000125: inf
08:36:32 | WARNING | [ROBUSTNESS] Dropped non-finite score for strategy 900000126: inf
08:36:32 | WARNING | [ROBUSTNESS] Dropped non-finite score for strategy 900000127: inf
08:36:32 | WARNING | [ROBUSTNESS] Dropped non-finite score for strategy 900000128: inf
08:36:32 | WARNING | [ROBUSTNESS] Dropped non-finite score for strategy 900000129: inf
08:36:32 | WARNING | [ROBUSTNESS] Dropped non-finite score for strategy 900000131: inf
08:36:32 | WARNING | [ROBUSTNESS] Dropped non-finite score for strategy 900000132: inf
08:36:32 | WARNING | [ROBUSTNESS] Dropped non-finite score for strategy 900000133: inf
08:36:32 | WARNING | [ROBUSTNESS] Dropped non-finite score for strategy 900000134: inf
08:36:32 | WARNING | [ROBUSTNESS] Dropped non-finite score for strategy 900000135: inf
08:36:32 | WARNING | [ROBUSTNESS] Dropped non-finite score for strategy 900000136: inf
08:36:32 | WARNING | [ROBUSTNESS] Dropped non-finite score for strategy 900000138: inf
08:36:32 | WARNING | [ROBUSTNESS] Dropped non-finite score for strategy 900000140: inf
08:36:32 | WARNING | [ROBUSTNESS] Dropped non-finite score for strategy 900000141: inf
08:36:32 | WARNING | [ROBUSTNESS] Dropped non-finite score for strategy 900000142: inf
08:36:32 | WARNING | [ROBUSTNESS] Dropped non-finite score for strategy 900000144: inf
08:36:32 | WARNING | [ROBUSTNESS] Dropped non-finite score for strategy 900000145: inf
08:36:32 | WARNING | [ROBUSTNESS] Dropped non-finite score for strategy 900000147: inf
08:36:32 | WARNING | [ROBUSTNESS] Dropped non-finite score for strategy 900000148: inf
08:36:32 | WARNING | [ROBUSTNESS] Dropped non-finite score for strategy 900000149: inf
08:36:32 | WARNING | [ROBUSTNESS] Dropped non-finite score for strategy 900000150: inf
08:36:32 | WARNING | [ROBUSTNESS] Dropped non-finite score for strategy 900000151: inf
08:36:32 | WARNING | [ROBUSTNESS] Dropped non-finite score for strategy 900000152: inf
08:36:32 | WARNING | [ROBUSTNESS] Dropped non-finite score for strategy 900000154: inf
08:36:32 | WARNING | [ROBUSTNESS] Dropped non-finite score for strategy 900000155: inf
08:36:32 | WARNING | [ROBUSTNESS] Dropped non-finite score for strategy 900000156: inf
08:36:32 | WARNING | [ROBUSTNESS] Dropped non-finite score for strategy 900000157: inf
08:36:32 | WARNING | [ROBUSTNESS] Dropped non-finite score for strategy 900000160: inf
08:36:32 | WARNING | [ROBUSTNESS] Dropped non-finite score for strategy 900000161: inf
08:36:32 | WARNING | [ROBUSTNESS] Dropped non-finite score for strategy 900000162: inf
08:36:32 | WARNING | [ROBUSTNESS] Dropped non-finite score for strategy 900000164: inf
08:36:32 | WARNING | [ROBUSTNESS] Dropped non-finite score for strategy 900000166: inf
08:36:32 | WARNING | [ROBUSTNESS] Dropped non-finite score for strategy 900000169: inf
08:36:32 | WARNING | [ROBUSTNESS] Dropped non-finite score for strategy 900000170: inf
08:36:32 | WARNING | [ROBUSTNESS] Dropped non-finite score for strategy 900000173: inf
08:36:32 | WARNING | [ROBUSTNESS] Dropped non-finite score for strategy 900000174: inf
08:36:32 | WARNING | [ROBUSTNESS] Dropped non-finite score for strategy 900000175: inf
08:36:32 | WARNING | [ROBUSTNESS] Dropped non-finite score for strategy 900000179: inf
08:36:32 | WARNING | [ROBUSTNESS] Dropped non-finite score for strategy 900000180: inf
08:36:32 | WARNING | [ROBUSTNESS] Dropped non-finite score for strategy 900000183: inf
08:36:32 | WARNING | [ROBUSTNESS] Dropped non-finite score for strategy 900000184: inf
08:36:32 | WARNING | [ROBUSTNESS] Dropped non-finite score for strategy 900000185: inf
08:36:32 | WARNING | [ROBUSTNESS] Dropped non-finite score for strategy 900000187: inf
08:36:32 | WARNING | [ROBUSTNESS] Dropped non-finite score for strategy 900000188: inf
08:36:32 | WARNING | [ROBUSTNESS] Dropped non-finite score for strategy 900000189: inf
08:36:32 | WARNING | [ROBUSTNESS] Dropped non-finite score for strategy 900000192: inf
08:36:32 | WARNING | [ROBUSTNESS] Dropped non-finite score for strategy 900000193: inf
08:36:32 | WARNING | [ROBUSTNESS] Dropped non-finite score for strategy 900000194: inf
08:36:32 | WARNING | [ROBUSTNESS] Dropped non-finite score for strategy 900000197: inf
08:36:32 | WARNING | [ROBUSTNESS] Dropped non-finite score for strategy 900000198: inf
08:36:32 | WARNING | [ROBUSTNESS] Dropped non-finite score for strategy 900000199: inf
08:36:32 | WARNING | [ROBUSTNESS] Dropped non-finite score for strategy 900000200: inf
08:36:32 | WARNING | [ROBUSTNESS] Dropped non-finite score for strategy 900000202: inf
08:36:32 | WARNING | [ROBUSTNESS] Dropped non-finite score for strategy 900000203: inf
08:36:32 | WARNING | [ROBUSTNESS] Dropped non-finite score for strategy 900000204: inf
08:36:32 | WARNING | [ROBUSTNESS] Dropped non-finite score for strategy 900000205: inf
08:36:32 | WARNING | [ROBUSTNESS] Dropped non-finite score for strategy 900000206: inf
08:36:32 | WARNING | [ROBUSTNESS] Dropped non-finite score for strategy 900000207: inf
08:36:32 | WARNING | [ROBUSTNESS] Dropped non-finite score for strategy 900000209: inf
08:36:32 | WARNING | [ROBUSTNESS] Dropped non-finite score for strategy 900000210: inf
08:36:32 | WARNING | [ROBUSTNESS] Dropped non-finite score for strategy 900000212: inf
08:36:32 | WARNING | [ROBUSTNESS] Dropped non-finite score for strategy 900000213: inf
08:36:32 | WARNING | [ROBUSTNESS] Dropped non-finite score for strategy 900000214: inf
08:36:32 | WARNING | [ROBUSTNESS] Dropped non-finite score for strategy 900000215: inf
08:36:32 | WARNING | [ROBUSTNESS] Dropped non-finite score for strategy 900000216: inf
08:36:32 | INFO | [ROBUSTNESS] Consensus ranking enabled (pre-elite, top_k=12, seeds=[41, 42, 43], mode=mean_std, runs=150)
08:36:43 | INFO | [ROBUSTNESS] Consensus re-scored strategies: 12/70 (pre-elite).
08:36:43 | INFO | [ROBUSTNESS] Family diversity reordering applied (top_k=12, max_per_family=4).
08:36:43 | INFO | [ELITE] Round 1/2: generated=120 parents=10 rank10_nominal=0.016097 target=0.016097
08:36:45 | INFO | [ELITE] Round 1: full_eval=32.
08:36:47 | INFO | [ELITE] Round 1: added 28 strategy(ies) above threshold.
08:36:47 | INFO | [ROBUSTNESS] Consensus ranking enabled (post-elite-r1, top_k=12, seeds=[41, 42, 43], mode=mean_std, runs=150)
08:36:58 | INFO | [ROBUSTNESS] Consensus re-scored strategies: 12/98 (post-elite-r1).
08:36:58 | INFO | [ROBUSTNESS] Family diversity reordering applied (top_k=12, max_per_family=4).
08:36:58 | INFO | [ELITE] Round 2/2: generated=120 parents=10 rank10_nominal=0.017579 target=0.017579
08:37:01 | INFO | [ELITE] Round 2: full_eval=33.
08:37:03 | INFO | [ELITE] Round 2: added 24 strategy(ies) above threshold.
08:37:03 | INFO | [ROBUSTNESS] Consensus ranking enabled (post-elite-r2, top_k=12, seeds=[41, 42, 43], mode=mean_std, runs=150)
08:37:14 | INFO | [ROBUSTNESS] Consensus re-scored strategies: 12/122 (post-elite-r2).
08:37:14 | INFO | [ROBUSTNESS] Family diversity reordering applied (top_k=12, max_per_family=4).
08:37:14 | INFO | \U0001f3c6 Best Strategy ID: 900000415 (ELITE) - Score: 0.02858
08:37:14 | INFO |    [Block 6] Full pass on 17 survivors (n_full=150)...
08:37:14 | INFO | Running robustness tests on 17 strategies (ThreadPoolExecutor with 4 workers)...
08:37:19 | INFO | [ROBUSTNESS] Consensus ranking enabled (pre-elite, top_k=12, seeds=[41, 42, 43], mode=mean_std, runs=150)
08:37:29 | INFO | [ROBUSTNESS] Consensus re-scored strategies: 12/17 (pre-elite).
08:37:29 | INFO | [ROBUSTNESS] Family diversity reordering applied (top_k=12, max_per_family=4).
08:37:29 | INFO | [ELITE] Round 1/2: generated=120 parents=10 rank10_nominal=0.013911 target=0.013911
08:37:38 | INFO | [ELITE] Round 1: full_eval=36.
08:37:48 | INFO | [ELITE] Round 1: added 21 strategy(ies) above threshold.
08:37:48 | INFO | [ROBUSTNESS] Consensus ranking enabled (post-elite-r1, top_k=12, seeds=[41, 42, 43], mode=mean_std, runs=150)
08:37:58 | INFO | [ROBUSTNESS] Consensus re-scored strategies: 12/38 (post-elite-r1).
08:37:59 | INFO | [ROBUSTNESS] Family diversity reordering applied (top_k=12, max_per_family=4).
08:37:59 | INFO | [ELITE] Round 2/2: generated=120 parents=10 rank10_nominal=0.013911 target=0.013911
08:38:07 | INFO | [ELITE] Round 2: full_eval=36.
08:38:17 | INFO | [ELITE] Round 2: added 20 strategy(ies) above threshold.
08:38:17 | INFO | [ROBUSTNESS] Consensus ranking enabled (post-elite-r2, top_k=12, seeds=[41, 42, 43], mode=mean_std, runs=150)
08:38:27 | INFO | [ROBUSTNESS] Consensus re-scored strategies: 12/58 (post-elite-r2).
08:38:27 | INFO | [ROBUSTNESS] Family diversity reordering applied (top_k=12, max_per_family=4).
08:38:27 | INFO | \U0001f3c6 Best Strategy ID: 900000530 (ELITE) - Score: 0.02939
08:38:27 | INFO | [Block 6] Best strategy ready: RMSE=0.02939 blocks=6
08:38:27 | INFO |    [Block 5] Mining found 240 strategies.
08:38:27 | INFO |    [Block 5] Running screening on 240 strategies...
08:38:27 | INFO | Running robustness tests on 240 strategies (ThreadPoolExecutor with 4 workers)...
08:38:44 | WARNING | [ROBUSTNESS] Dropped non-finite score for strategy 5000: inf
08:38:44 | WARNING | [ROBUSTNESS] Dropped non-finite score for strategy 5001: inf
08:38:45 | WARNING | [ROBUSTNESS] Dropped non-finite score for strategy 5002: inf
08:38:45 | WARNING | [ROBUSTNESS] Dropped non-finite score for strategy 5003: inf
08:38:45 | WARNING | [ROBUSTNESS] Dropped non-finite score for strategy 5004: inf
08:38:45 | WARNING | [ROBUSTNESS] Dropped non-finite score for strategy 5005: inf
08:38:45 | WARNING | [ROBUSTNESS] Dropped non-finite score for strategy 5006: inf
08:38:45 | WARNING | [ROBUSTNESS] Dropped non-finite score for strategy 5007: inf
08:38:45 | WARNING | [ROBUSTNESS] Dropped non-finite score for strategy 5008: inf
08:38:45 | WARNING | [ROBUSTNESS] Dropped non-finite score for strategy 5009: inf
08:38:45 | WARNING | [ROBUSTNESS] Dropped non-finite score for strategy 5010: inf
08:38:45 | WARNING | [ROBUSTNESS] Dropped non-finite score for strategy 5011: inf
08:38:45 | WARNING | [ROBUSTNESS] Dropped non-finite score for strategy 5012: inf
08:38:45 | WARNING | [ROBUSTNESS] Dropped non-finite score for strategy 5013: inf
08:38:45 | WARNING | [ROBUSTNESS] Dropped non-finite score for strategy 5014: inf
08:38:45 | WARNING | [ROBUSTNESS] Dropped non-finite score for strategy 5015: inf
08:38:45 | WARNING | [ROBUSTNESS] Dropped non-finite score for strategy 5016: inf
08:38:45 | WARNING | [ROBUSTNESS] Dropped non-finite score for strategy 5017: inf
08:38:45 | WARNING | [ROBUSTNESS] Dropped non-finite score for strategy 5018: inf
08:38:45 | WARNING | [ROBUSTNESS] Dropped non-finite score for strategy 5019: inf
08:38:45 | WARNING | [ROBUSTNESS] Dropped non-finite score for strategy 5020: inf
08:38:45 | WARNING | [ROBUSTNESS] Dropped non-finite score for strategy 5021: inf
08:38:45 | WARNING | [ROBUSTNESS] Dropped non-finite score for strategy 5022: inf
08:38:45 | WARNING | [ROBUSTNESS] Dropped non-finite score for strategy 5023: inf
08:38:45 | WARNING | [ROBUSTNESS] Dropped non-finite score for strategy 5024: inf
08:38:45 | WARNING | [ROBUSTNESS] Dropped non-finite score for strategy 5025: inf
08:38:45 | WARNING | [ROBUSTNESS] Dropped non-finite score for strategy 5026: inf
08:38:45 | WARNING | [ROBUSTNESS] Dropped non-finite score for strategy 5027: inf
08:38:45 | WARNING | [ROBUSTNESS] Dropped non-finite score for strategy 5028: inf
08:38:45 | WARNING | [ROBUSTNESS] Dropped non-finite score for strategy 5029: inf
08:38:45 | WARNING | [ROBUSTNESS] Dropped non-finite score for strategy 5030: inf
08:38:45 | WARNING | [ROBUSTNESS] Dropped non-finite score for strategy 5031: inf
08:38:45 | WARNING | [ROBUSTNESS] Dropped non-finite score for strategy 5032: inf
08:38:45 | WARNING | [ROBUSTNESS] Dropped non-finite score for strategy 5033: inf
08:38:45 | WARNING | [ROBUSTNESS] Dropped non-finite score for strategy 5034: inf
08:38:45 | WARNING | [ROBUSTNESS] Dropped non-finite score for strategy 5035: inf
08:38:45 | WARNING | [ROBUSTNESS] Dropped non-finite score for strategy 5036: inf
08:38:45 | WARNING | [ROBUSTNESS] Dropped non-finite score for strategy 5037: inf
08:38:45 | WARNING | [ROBUSTNESS] Dropped non-finite score for strategy 5038: inf
08:38:45 | WARNING | [ROBUSTNESS] Dropped non-finite score for strategy 5039: inf
08:38:45 | WARNING | [ROBUSTNESS] Dropped non-finite score for strategy 5040: inf
08:38:45 | WARNING | [ROBUSTNESS] Dropped non-finite score for strategy 5041: inf
08:38:45 | WARNING | [ROBUSTNESS] Dropped non-finite score for strategy 5042: inf
08:38:45 | WARNING | [ROBUSTNESS] Dropped non-finite score for strategy 5043: inf
08:38:45 | WARNING | [ROBUSTNESS] Dropped non-finite score for strategy 5044: inf
08:38:45 | WARNING | [ROBUSTNESS] Dropped non-finite score for strategy 5045: inf
08:38:45 | WARNING | [ROBUSTNESS] Dropped non-finite score for strategy 5046: inf
08:38:45 | WARNING | [ROBUSTNESS] Dropped non-finite score for strategy 5047: inf
08:38:45 | WARNING | [ROBUSTNESS] Dropped non-finite score for strategy 5048: inf
08:38:45 | WARNING | [ROBUSTNESS] Dropped non-finite score for strategy 5049: inf
08:38:45 | WARNING | [ROBUSTNESS] Dropped non-finite score for strategy 5050: inf
08:38:45 | WARNING | [ROBUSTNESS] Dropped non-finite score for strategy 5051: inf
08:38:45 | WARNING | [ROBUSTNESS] Dropped non-finite score for strategy 5052: inf
08:38:45 | WARNING | [ROBUSTNESS] Dropped non-finite score for strategy 5053: inf
08:38:45 | WARNING | [ROBUSTNESS] Dropped non-finite score for strategy 5054: inf
08:38:45 | WARNING | [ROBUSTNESS] Dropped non-finite score for strategy 5055: inf
08:38:45 | WARNING | [ROBUSTNESS] Dropped non-finite score for strategy 5056: inf
08:38:45 | WARNING | [ROBUSTNESS] Dropped non-finite score for strategy 5057: inf
08:38:45 | WARNING | [ROBUSTNESS] Dropped non-finite score for strategy 5058: inf
08:38:45 | WARNING | [ROBUSTNESS] Dropped non-finite score for strategy 5059: inf
08:38:45 | WARNING | [ROBUSTNESS] Dropped non-finite score for strategy 5060: inf
08:38:45 | WARNING | [ROBUSTNESS] Dropped non-finite score for strategy 5061: inf
08:38:45 | WARNING | [ROBUSTNESS] Dropped non-finite score for strategy 5062: inf
08:38:45 | WARNING | [ROBUSTNESS] Dropped non-finite score for strategy 5063: inf
08:38:45 | WARNING | [ROBUSTNESS] Dropped non-finite score for strategy 5064: inf
08:38:45 | WARNING | [ROBUSTNESS] Dropped non-finite score for strategy 5065: inf
08:38:45 | WARNING | [ROBUSTNESS] Dropped non-finite score for strategy 5066: inf
08:38:45 | WARNING | [ROBUSTNESS] Dropped non-finite score for strategy 5067: inf
08:38:45 | WARNING | [ROBUSTNESS] Dropped non-finite score for strategy 5068: inf
08:38:45 | WARNING | [ROBUSTNESS] Dropped non-finite score for strategy 5069: inf
08:38:45 | WARNING | [ROBUSTNESS] Dropped non-finite score for strategy 5070: inf
08:38:45 | WARNING | [ROBUSTNESS] Dropped non-finite score for strategy 5071: inf
08:38:45 | WARNING | [ROBUSTNESS] Dropped non-finite score for strategy 5072: inf
08:38:45 | WARNING | [ROBUSTNESS] Dropped non-finite score for strategy 5073: inf
08:38:45 | WARNING | [ROBUSTNESS] Dropped non-finite score for strategy 5074: inf
08:38:45 | WARNING | [ROBUSTNESS] Dropped non-finite score for strategy 5075: inf
08:38:45 | WARNING | [ROBUSTNESS] Dropped non-finite score for strategy 5076: inf
08:38:45 | WARNING | [ROBUSTNESS] Dropped non-finite score for strategy 5078: inf
08:38:45 | WARNING | [ROBUSTNESS] Dropped non-finite score for strategy 5079: inf
08:38:45 | WARNING | [ROBUSTNESS] Dropped non-finite score for strategy 5100: inf
08:38:45 | WARNING | [ROBUSTNESS] Dropped non-finite score for strategy 5101: inf
08:38:45 | WARNING | [ROBUSTNESS] Dropped non-finite score for strategy 5102: inf
08:38:45 | WARNING | [ROBUSTNESS] Dropped non-finite score for strategy 5103: inf
08:38:45 | WARNING | [ROBUSTNESS] Dropped non-finite score for strategy 5104: inf
08:38:45 | WARNING | [ROBUSTNESS] Dropped non-finite score for strategy 5105: inf
08:38:45 | WARNING | [ROBUSTNESS] Dropped non-finite score for strategy 5106: inf
08:38:45 | WARNING | [ROBUSTNESS] Dropped non-finite score for strategy 5107: inf
08:38:45 | WARNING | [ROBUSTNESS] Dropped non-finite score for strategy 5108: inf
08:38:45 | WARNING | [ROBUSTNESS] Dropped non-finite score for strategy 5109: inf
08:38:45 | WARNING | [ROBUSTNESS] Dropped non-finite score for strategy 5110: inf
08:38:45 | WARNING | [ROBUSTNESS] Dropped non-finite score for strategy 5111: inf
08:38:45 | WARNING | [ROBUSTNESS] Dropped non-finite score for strategy 5112: inf
08:38:45 | WARNING | [ROBUSTNESS] Dropped non-finite score for strategy 5113: inf
08:38:45 | WARNING | [ROBUSTNESS] Dropped non-finite score for strategy 5114: inf
08:38:45 | WARNING | [ROBUSTNESS] Dropped non-finite score for strategy 5115: inf
08:38:45 | WARNING | [ROBUSTNESS] Dropped non-finite score for strategy 5116: inf
08:38:45 | WARNING | [ROBUSTNESS] Dropped non-finite score for strategy 5117: inf
08:38:45 | WARNING | [ROBUSTNESS] Dropped non-finite score for strategy 5118: inf
08:38:45 | WARNING | [ROBUSTNESS] Dropped non-finite score for strategy 5119: inf
08:38:45 | WARNING | [ROBUSTNESS] Dropped non-finite score for strategy 5120: inf
08:38:45 | WARNING | [ROBUSTNESS] Dropped non-finite score for strategy 5121: inf
08:38:45 | WARNING | [ROBUSTNESS] Dropped non-finite score for strategy 5122: inf
08:38:45 | WARNING | [ROBUSTNESS] Dropped non-finite score for strategy 5123: inf
08:38:45 | WARNING | [ROBUSTNESS] Dropped non-finite score for strategy 5124: inf
08:38:45 | WARNING | [ROBUSTNESS] Dropped non-finite score for strategy 5125: inf
08:38:45 | WARNING | [ROBUSTNESS] Dropped non-finite score for strategy 5126: inf
08:38:45 | WARNING | [ROBUSTNESS] Dropped non-finite score for strategy 5127: inf
08:38:45 | WARNING | [ROBUSTNESS] Dropped non-finite score for strategy 5128: inf
08:38:45 | WARNING | [ROBUSTNESS] Dropped non-finite score for strategy 5129: inf
08:38:45 | WARNING | [ROBUSTNESS] Dropped non-finite score for strategy 5130: inf
08:38:45 | WARNING | [ROBUSTNESS] Dropped non-finite score for strategy 5131: inf
08:38:45 | WARNING | [ROBUSTNESS] Dropped non-finite score for strategy 5132: inf
08:38:45 | WARNING | [ROBUSTNESS] Dropped non-finite score for strategy 5133: inf
08:38:45 | WARNING | [ROBUSTNESS] Dropped non-finite score for strategy 5134: inf
08:38:45 | WARNING | [ROBUSTNESS] Dropped non-finite score for strategy 5135: inf
08:38:45 | WARNING | [ROBUSTNESS] Dropped non-finite score for strategy 5136: inf
08:38:45 | WARNING | [ROBUSTNESS] Dropped non-finite score for strategy 5137: inf
08:38:45 | WARNING | [ROBUSTNESS] Dropped non-finite score for strategy 5138: inf
08:38:45 | WARNING | [ROBUSTNESS] Dropped non-finite score for strategy 5139: inf
08:38:45 | WARNING | [ROBUSTNESS] Dropped non-finite score for strategy 5140: inf
08:38:45 | WARNING | [ROBUSTNESS] Dropped non-finite score for strategy 5141: inf
08:38:45 | WARNING | [ROBUSTNESS] Dropped non-finite score for strategy 5142: inf
08:38:45 | WARNING | [ROBUSTNESS] Dropped non-finite score for strategy 5143: inf
08:38:45 | WARNING | [ROBUSTNESS] Dropped non-finite score for strategy 5144: inf
08:38:45 | WARNING | [ROBUSTNESS] Dropped non-finite score for strategy 5145: inf
08:38:45 | WARNING | [ROBUSTNESS] Dropped non-finite score for strategy 5146: inf
08:38:45 | WARNING | [ROBUSTNESS] Dropped non-finite score for strategy 5147: inf
08:38:45 | WARNING | [ROBUSTNESS] Dropped non-finite score for strategy 5148: inf
08:38:45 | WARNING | [ROBUSTNESS] Dropped non-finite score for strategy 5149: inf
08:38:45 | WARNING | [ROBUSTNESS] Dropped non-finite score for strategy 5150: inf
08:38:45 | WARNING | [ROBUSTNESS] Dropped non-finite score for strategy 5151: inf
08:38:45 | WARNING | [ROBUSTNESS] Dropped non-finite score for strategy 5152: inf
08:38:45 | WARNING | [ROBUSTNESS] Dropped non-finite score for strategy 5153: inf
08:38:45 | WARNING | [ROBUSTNESS] Dropped non-finite score for strategy 5154: inf
08:38:45 | WARNING | [ROBUSTNESS] Dropped non-finite score for strategy 5155: inf
08:38:45 | WARNING | [ROBUSTNESS] Dropped non-finite score for strategy 5156: inf
08:38:45 | WARNING | [ROBUSTNESS] Dropped non-finite score for strategy 5157: inf
08:38:45 | WARNING | [ROBUSTNESS] Dropped non-finite score for strategy 5158: inf
08:38:45 | WARNING | [ROBUSTNESS] Dropped non-finite score for strategy 5159: inf
08:38:45 | WARNING | [ROBUSTNESS] Dropped non-finite score for strategy 5160: inf
08:38:45 | WARNING | [ROBUSTNESS] Dropped non-finite score for strategy 5161: inf
08:38:45 | WARNING | [ROBUSTNESS] Dropped non-finite score for strategy 5162: inf
08:38:45 | WARNING | [ROBUSTNESS] Dropped non-finite score for strategy 5163: inf
08:38:45 | WARNING | [ROBUSTNESS] Dropped non-finite score for strategy 5164: inf
08:38:45 | WARNING | [ROBUSTNESS] Dropped non-finite score for strategy 5165: inf
08:38:45 | WARNING | [ROBUSTNESS] Dropped non-finite score for strategy 5166: inf
08:38:45 | WARNING | [ROBUSTNESS] Dropped non-finite score for strategy 5167: inf
08:38:45 | WARNING | [ROBUSTNESS] Dropped non-finite score for strategy 5168: inf
08:38:45 | WARNING | [ROBUSTNESS] Dropped non-finite score for strategy 5169: inf
08:38:45 | WARNING | [ROBUSTNESS] Dropped non-finite score for strategy 5170: inf
08:38:45 | WARNING | [ROBUSTNESS] Dropped non-finite score for strategy 5171: inf
08:38:45 | WARNING | [ROBUSTNESS] Dropped non-finite score for strategy 5172: inf
08:38:45 | WARNING | [ROBUSTNESS] Dropped non-finite score for strategy 5173: inf
08:38:45 | WARNING | [ROBUSTNESS] Dropped non-finite score for strategy 5174: inf
08:38:45 | WARNING | [ROBUSTNESS] Dropped non-finite score for strategy 5175: inf
08:38:45 | WARNING | [ROBUSTNESS] Dropped non-finite score for strategy 5176: inf
08:38:45 | WARNING | [ROBUSTNESS] Dropped non-finite score for strategy 5177: inf
08:38:45 | WARNING | [ROBUSTNESS] Dropped non-finite score for strategy 5178: inf
08:38:45 | WARNING | [ROBUSTNESS] Dropped non-finite score for strategy 5179: inf
08:38:45 | WARNING | [ROBUSTNESS] Dropped non-finite score for strategy 5200: inf
08:38:45 | WARNING | [ROBUSTNESS] Dropped non-finite score for strategy 5201: inf
08:38:45 | WARNING | [ROBUSTNESS] Dropped non-finite score for strategy 5202: inf
08:38:45 | WARNING | [ROBUSTNESS] Dropped non-finite score for strategy 5203: inf
08:38:45 | WARNING | [ROBUSTNESS] Dropped non-finite score for strategy 5204: inf
08:38:45 | WARNING | [ROBUSTNESS] Dropped non-finite score for strategy 5205: inf
08:38:45 | WARNING | [ROBUSTNESS] Dropped non-finite score for strategy 5206: inf
08:38:45 | WARNING | [ROBUSTNESS] Dropped non-finite score for strategy 5207: inf
08:38:45 | WARNING | [ROBUSTNESS] Dropped non-finite score for strategy 5208: inf
08:38:45 | WARNING | [ROBUSTNESS] Dropped non-finite score for strategy 5209: inf
08:38:45 | WARNING | [ROBUSTNESS] Dropped non-finite score for strategy 5210: inf
08:38:45 | WARNING | [ROBUSTNESS] Dropped non-finite score for strategy 5211: inf
08:38:45 | WARNING | [ROBUSTNESS] Dropped non-finite score for strategy 5212: inf
08:38:45 | WARNING | [ROBUSTNESS] Dropped non-finite score for strategy 5213: inf
08:38:45 | WARNING | [ROBUSTNESS] Dropped non-finite score for strategy 5214: inf
08:38:45 | WARNING | [ROBUSTNESS] Dropped non-finite score for strategy 5215: inf
08:38:45 | WARNING | [ROBUSTNESS] Dropped non-finite score for strategy 5216: inf
08:38:45 | WARNING | [ROBUSTNESS] Dropped non-finite score for strategy 5217: inf
08:38:45 | WARNING | [ROBUSTNESS] Dropped non-finite score for strategy 5218: inf
08:38:45 | WARNING | [ROBUSTNESS] Dropped non-finite score for strategy 5219: inf
08:38:45 | WARNING | [ROBUSTNESS] Dropped non-finite score for strategy 5220: inf
08:38:45 | WARNING | [ROBUSTNESS] Dropped non-finite score for strategy 5221: inf
08:38:45 | WARNING | [ROBUSTNESS] Dropped non-finite score for strategy 5222: inf
08:38:45 | WARNING | [ROBUSTNESS] Dropped non-finite score for strategy 5223: inf
08:38:45 | WARNING | [ROBUSTNESS] Dropped non-finite score for strategy 5224: inf
08:38:45 | WARNING | [ROBUSTNESS] Dropped non-finite score for strategy 5225: inf
08:38:45 | WARNING | [ROBUSTNESS] Dropped non-finite score for strategy 5226: inf
08:38:45 | WARNING | [ROBUSTNESS] Dropped non-finite score for strategy 5227: inf
08:38:45 | WARNING | [ROBUSTNESS] Dropped non-finite score for strategy 5228: inf
08:38:45 | WARNING | [ROBUSTNESS] Dropped non-finite score for strategy 5229: inf
08:38:45 | WARNING | [ROBUSTNESS] Dropped non-finite score for strategy 5230: inf
08:38:45 | WARNING | [ROBUSTNESS] Dropped non-finite score for strategy 5231: inf
08:38:45 | WARNING | [ROBUSTNESS] Dropped non-finite score for strategy 5232: inf
08:38:45 | WARNING | [ROBUSTNESS] Dropped non-finite score for strategy 5233: inf
08:38:45 | WARNING | [ROBUSTNESS] Dropped non-finite score for strategy 5234: inf
08:38:45 | WARNING | [ROBUSTNESS] Dropped non-finite score for strategy 5235: inf
08:38:45 | WARNING | [ROBUSTNESS] Dropped non-finite score for strategy 5236: inf
08:38:45 | WARNING | [ROBUSTNESS] Dropped non-finite score for strategy 5237: inf
08:38:45 | WARNING | [ROBUSTNESS] Dropped non-finite score for strategy 5238: inf
08:38:45 | WARNING | [ROBUSTNESS] Dropped non-finite score for strategy 5239: inf
08:38:45 | WARNING | [ROBUSTNESS] Dropped non-finite score for strategy 5240: inf
08:38:45 | WARNING | [ROBUSTNESS] Dropped non-finite score for strategy 5241: inf
08:38:45 | WARNING | [ROBUSTNESS] Dropped non-finite score for strategy 5242: inf
08:38:45 | WARNING | [ROBUSTNESS] Dropped non-finite score for strategy 5243: inf
08:38:45 | WARNING | [ROBUSTNESS] Dropped non-finite score for strategy 5244: inf
08:38:45 | WARNING | [ROBUSTNESS] Dropped non-finite score for strategy 5245: inf
08:38:45 | WARNING | [ROBUSTNESS] Dropped non-finite score for strategy 5246: inf
08:38:45 | WARNING | [ROBUSTNESS] Dropped non-finite score for strategy 5247: inf
08:38:45 | WARNING | [ROBUSTNESS] Dropped non-finite score for strategy 5248: inf
08:38:45 | WARNING | [ROBUSTNESS] Dropped non-finite score for strategy 5249: inf
08:38:45 | WARNING | [ROBUSTNESS] Dropped non-finite score for strategy 5250: inf
08:38:45 | WARNING | [ROBUSTNESS] Dropped non-finite score for strategy 5251: inf
08:38:45 | WARNING | [ROBUSTNESS] Dropped non-finite score for strategy 5252: inf
08:38:45 | WARNING | [ROBUSTNESS] Dropped non-finite score for strategy 5253: inf
08:38:45 | WARNING | [ROBUSTNESS] Dropped non-finite score for strategy 5254: inf
08:38:45 | WARNING | [ROBUSTNESS] Dropped non-finite score for strategy 5255: inf
08:38:45 | WARNING | [ROBUSTNESS] Dropped non-finite score for strategy 5256: inf
08:38:45 | WARNING | [ROBUSTNESS] Dropped non-finite score for strategy 5257: inf
08:38:45 | WARNING | [ROBUSTNESS] Dropped non-finite score for strategy 5258: inf
08:38:45 | WARNING | [ROBUSTNESS] Dropped non-finite score for strategy 5259: inf
08:38:45 | WARNING | [ROBUSTNESS] Dropped non-finite score for strategy 5260: inf
08:38:45 | WARNING | [ROBUSTNESS] Dropped non-finite score for strategy 5261: inf
08:38:45 | WARNING | [ROBUSTNESS] Dropped non-finite score for strategy 5262: inf
08:38:45 | WARNING | [ROBUSTNESS] Dropped non-finite score for strategy 5263: inf
08:38:45 | WARNING | [ROBUSTNESS] Dropped non-finite score for strategy 5264: inf
08:38:45 | WARNING | [ROBUSTNESS] Dropped non-finite score for strategy 5265: inf
08:38:45 | WARNING | [ROBUSTNESS] Dropped non-finite score for strategy 5266: inf
08:38:45 | WARNING | [ROBUSTNESS] Dropped non-finite score for strategy 5267: inf
08:38:45 | WARNING | [ROBUSTNESS] Dropped non-finite score for strategy 5268: inf
08:38:45 | WARNING | [ROBUSTNESS] Dropped non-finite score for strategy 5269: inf
08:38:45 | WARNING | [ROBUSTNESS] Dropped non-finite score for strategy 5270: inf
08:38:45 | WARNING | [ROBUSTNESS] Dropped non-finite score for strategy 5271: inf
08:38:45 | WARNING | [ROBUSTNESS] Dropped non-finite score for strategy 5272: inf
08:38:45 | WARNING | [ROBUSTNESS] Dropped non-finite score for strategy 5273: inf
08:38:45 | WARNING | [ROBUSTNESS] Dropped non-finite score for strategy 5274: inf
08:38:45 | WARNING | [ROBUSTNESS] Dropped non-finite score for strategy 5275: inf
08:38:45 | WARNING | [ROBUSTNESS] Dropped non-finite score for strategy 5276: inf
08:38:45 | WARNING | [ROBUSTNESS] Dropped non-finite score for strategy 5278: inf
08:38:45 | WARNING | [ROBUSTNESS] Dropped non-finite score for strategy 5279: inf
08:38:45 | INFO | [ROBUSTNESS] Consensus ranking enabled (pre-elite, top_k=2, seeds=[41, 42, 43], mode=mean_std, runs=150)
08:38:46 | INFO | [ROBUSTNESS] Consensus re-scored strategies: 2/2 (pre-elite).
08:38:46 | INFO | [ELITE] Round 1/2: generated=18 parents=2 rank10_nominal=0.019640 target=0.019640
08:38:47 | INFO | [ELITE] Round 1: full_eval=7.
08:38:47 | INFO | [ELITE] Round 1: added 4 strategy(ies) above threshold.
08:38:47 | INFO | [ROBUSTNESS] Consensus ranking enabled (post-elite-r1, top_k=6, seeds=[41, 42, 43], mode=mean_std, runs=150)
08:38:51 | INFO | [ROBUSTNESS] Consensus re-scored strategies: 5/6 (post-elite-r1).
08:38:51 | INFO | [ELITE] Round 2/2: generated=76 parents=6 rank10_nominal=0.015074 target=0.015074
08:38:52 | INFO | [ELITE] Round 2: full_eval=5.
08:38:53 | INFO | [ELITE] Round 2: added 3 strategy(ies) above threshold.
08:38:53 | INFO | [ROBUSTNESS] Consensus ranking enabled (post-elite-r2, top_k=9, seeds=[41, 42, 43], mode=mean_std, runs=150)
08:38:55 | INFO | [ROBUSTNESS] Consensus re-scored strategies: 7/9 (post-elite-r2).
08:38:55 | INFO | \U0001f3c6 Best Strategy ID: 5294 (ELITE) - Score: 0.09945
08:38:55 | INFO |    [Block 5] Screening complete. Results count: 9
08:38:55 | INFO | Running robustness tests on 182 strategies (ThreadPoolExecutor with 4 workers)...
08:39:09 | WARNING | [ROBUSTNESS] Dropped non-finite score for strategy 900000001: inf
08:39:09 | WARNING | [ROBUSTNESS] Dropped non-finite score for strategy 900000003: inf
08:39:09 | WARNING | [ROBUSTNESS] Dropped non-finite score for strategy 900000007: inf
08:39:09 | WARNING | [ROBUSTNESS] Dropped non-finite score for strategy 900000008: inf
08:39:09 | WARNING | [ROBUSTNESS] Dropped non-finite score for strategy 900000009: inf
08:39:09 | WARNING | [ROBUSTNESS] Dropped non-finite score for strategy 900000010: inf
08:39:09 | WARNING | [ROBUSTNESS] Dropped non-finite score for strategy 900000011: inf
08:39:09 | WARNING | [ROBUSTNESS] Dropped non-finite score for strategy 900000012: inf
08:39:09 | WARNING | [ROBUSTNESS] Dropped non-finite score for strategy 900000013: inf
08:39:09 | WARNING | [ROBUSTNESS] Dropped non-finite score for strategy 900000014: inf
08:39:09 | WARNING | [ROBUSTNESS] Dropped non-finite score for strategy 900000018: inf
08:39:09 | WARNING | [ROBUSTNESS] Dropped non-finite score for strategy 900000019: inf
08:39:09 | WARNING | [ROBUSTNESS] Dropped non-finite score for strategy 900000020: inf
08:39:09 | WARNING | [ROBUSTNESS] Dropped non-finite score for strategy 900000021: inf
08:39:09 | WARNING | [ROBUSTNESS] Dropped non-finite score for strategy 900000022: inf
08:39:09 | WARNING | [ROBUSTNESS] Dropped non-finite score for strategy 900000023: inf
08:39:09 | WARNING | [ROBUSTNESS] Dropped non-finite score for strategy 900000025: inf
08:39:09 | WARNING | [ROBUSTNESS] Dropped non-finite score for strategy 900000026: inf
08:39:09 | WARNING | [ROBUSTNESS] Dropped non-finite score for strategy 900000027: inf
08:39:09 | WARNING | [ROBUSTNESS] Dropped non-finite score for strategy 900000028: inf
08:39:09 | WARNING | [ROBUSTNESS] Dropped non-finite score for strategy 900000029: inf
08:39:09 | WARNING | [ROBUSTNESS] Dropped non-finite score for strategy 900000030: inf
08:39:09 | WARNING | [ROBUSTNESS] Dropped non-finite score for strategy 900000031: inf
08:39:09 | WARNING | [ROBUSTNESS] Dropped non-finite score for strategy 900000033: inf
08:39:09 | WARNING | [ROBUSTNESS] Dropped non-finite score for strategy 900000036: inf
08:39:09 | WARNING | [ROBUSTNESS] Dropped non-finite score for strategy 900000037: inf
08:39:09 | WARNING | [ROBUSTNESS] Dropped non-finite score for strategy 900000038: inf
08:39:09 | WARNING | [ROBUSTNESS] Dropped non-finite score for strategy 900000039: inf
08:39:09 | WARNING | [ROBUSTNESS] Dropped non-finite score for strategy 900000040: inf
08:39:09 | WARNING | [ROBUSTNESS] Dropped non-finite score for strategy 900000043: inf
08:39:09 | WARNING | [ROBUSTNESS] Dropped non-finite score for strategy 900000044: inf
08:39:09 | WARNING | [ROBUSTNESS] Dropped non-finite score for strategy 900000045: inf
08:39:09 | WARNING | [ROBUSTNESS] Dropped non-finite score for strategy 900000046: inf
08:39:09 | WARNING | [ROBUSTNESS] Dropped non-finite score for strategy 900000047: inf
08:39:09 | WARNING | [ROBUSTNESS] Dropped non-finite score for strategy 900000049: inf
08:39:09 | WARNING | [ROBUSTNESS] Dropped non-finite score for strategy 900000050: inf
08:39:09 | WARNING | [ROBUSTNESS] Dropped non-finite score for strategy 900000051: inf
08:39:09 | WARNING | [ROBUSTNESS] Dropped non-finite score for strategy 900000052: inf
08:39:09 | WARNING | [ROBUSTNESS] Dropped non-finite score for strategy 900000053: inf
08:39:09 | WARNING | [ROBUSTNESS] Dropped non-finite score for strategy 900000054: inf
08:39:09 | WARNING | [ROBUSTNESS] Dropped non-finite score for strategy 900000055: inf
08:39:09 | WARNING | [ROBUSTNESS] Dropped non-finite score for strategy 900000058: inf
08:39:09 | WARNING | [ROBUSTNESS] Dropped non-finite score for strategy 900000059: inf
08:39:09 | WARNING | [ROBUSTNESS] Dropped non-finite score for strategy 900000060: inf
08:39:09 | WARNING | [ROBUSTNESS] Dropped non-finite score for strategy 900000061: inf
08:39:09 | WARNING | [ROBUSTNESS] Dropped non-finite score for strategy 900000063: inf
08:39:09 | WARNING | [ROBUSTNESS] Dropped non-finite score for strategy 900000064: inf
08:39:09 | WARNING | [ROBUSTNESS] Dropped non-finite score for strategy 900000065: inf
08:39:09 | WARNING | [ROBUSTNESS] Dropped non-finite score for strategy 900000066: inf
08:39:09 | WARNING | [ROBUSTNESS] Dropped non-finite score for strategy 900000067: inf
08:39:09 | WARNING | [ROBUSTNESS] Dropped non-finite score for strategy 900000069: inf
08:39:09 | WARNING | [ROBUSTNESS] Dropped non-finite score for strategy 900000070: inf
08:39:09 | WARNING | [ROBUSTNESS] Dropped non-finite score for strategy 900000071: inf
08:39:09 | WARNING | [ROBUSTNESS] Dropped non-finite score for strategy 900000072: inf
08:39:09 | WARNING | [ROBUSTNESS] Dropped non-finite score for strategy 900000074: inf
08:39:09 | WARNING | [ROBUSTNESS] Dropped non-finite score for strategy 900000075: inf
08:39:09 | WARNING | [ROBUSTNESS] Dropped non-finite score for strategy 900000076: inf
08:39:09 | WARNING | [ROBUSTNESS] Dropped non-finite score for strategy 900000077: inf
08:39:09 | WARNING | [ROBUSTNESS] Dropped non-finite score for strategy 900000078: inf
08:39:09 | WARNING | [ROBUSTNESS] Dropped non-finite score for strategy 900000079: inf
08:39:09 | WARNING | [ROBUSTNESS] Dropped non-finite score for strategy 900000080: inf
08:39:09 | WARNING | [ROBUSTNESS] Dropped non-finite score for strategy 900000081: inf
08:39:09 | WARNING | [ROBUSTNESS] Dropped non-finite score for strategy 900000085: inf
08:39:09 | WARNING | [ROBUSTNESS] Dropped non-finite score for strategy 900000086: inf
08:39:09 | WARNING | [ROBUSTNESS] Dropped non-finite score for strategy 900000087: inf
08:39:09 | WARNING | [ROBUSTNESS] Dropped non-finite score for strategy 900000088: inf
08:39:09 | WARNING | [ROBUSTNESS] Dropped non-finite score for strategy 900000090: inf
08:39:09 | WARNING | [ROBUSTNESS] Dropped non-finite score for strategy 900000091: inf
08:39:09 | WARNING | [ROBUSTNESS] Dropped non-finite score for strategy 900000092: inf
08:39:09 | WARNING | [ROBUSTNESS] Dropped non-finite score for strategy 900000093: inf
08:39:09 | WARNING | [ROBUSTNESS] Dropped non-finite score for strategy 900000094: inf
08:39:09 | WARNING | [ROBUSTNESS] Dropped non-finite score for strategy 900000095: inf
08:39:09 | WARNING | [ROBUSTNESS] Dropped non-finite score for strategy 900000098: inf
08:39:09 | WARNING | [ROBUSTNESS] Dropped non-finite score for strategy 900000099: inf
08:39:09 | WARNING | [ROBUSTNESS] Dropped non-finite score for strategy 900000100: inf
08:39:09 | WARNING | [ROBUSTNESS] Dropped non-finite score for strategy 900000101: inf
08:39:09 | WARNING | [ROBUSTNESS] Dropped non-finite score for strategy 900000102: inf
08:39:09 | WARNING | [ROBUSTNESS] Dropped non-finite score for strategy 900000103: inf
08:39:09 | WARNING | [ROBUSTNESS] Dropped non-finite score for strategy 900000104: inf
08:39:09 | WARNING | [ROBUSTNESS] Dropped non-finite score for strategy 900000105: inf
08:39:09 | WARNING | [ROBUSTNESS] Dropped non-finite score for strategy 900000106: inf
08:39:09 | WARNING | [ROBUSTNESS] Dropped non-finite score for strategy 900000107: inf
08:39:09 | WARNING | [ROBUSTNESS] Dropped non-finite score for strategy 900000108: inf
08:39:09 | WARNING | [ROBUSTNESS] Dropped non-finite score for strategy 900000109: inf
08:39:09 | WARNING | [ROBUSTNESS] Dropped non-finite score for strategy 900000110: inf
08:39:09 | WARNING | [ROBUSTNESS] Dropped non-finite score for strategy 900000111: inf
08:39:09 | WARNING | [ROBUSTNESS] Dropped non-finite score for strategy 900000112: inf
08:39:09 | WARNING | [ROBUSTNESS] Dropped non-finite score for strategy 900000113: inf
08:39:09 | WARNING | [ROBUSTNESS] Dropped non-finite score for strategy 900000114: inf
08:39:09 | WARNING | [ROBUSTNESS] Dropped non-finite score for strategy 900000115: inf
08:39:09 | WARNING | [ROBUSTNESS] Dropped non-finite score for strategy 900000116: inf
08:39:09 | WARNING | [ROBUSTNESS] Dropped non-finite score for strategy 900000117: inf
08:39:09 | WARNING | [ROBUSTNESS] Dropped non-finite score for strategy 900000119: inf
08:39:09 | WARNING | [ROBUSTNESS] Dropped non-finite score for strategy 900000120: inf
08:39:09 | WARNING | [ROBUSTNESS] Dropped non-finite score for strategy 900000121: inf
08:39:09 | WARNING | [ROBUSTNESS] Dropped non-finite score for strategy 900000123: inf
08:39:09 | WARNING | [ROBUSTNESS] Dropped non-finite score for strategy 900000124: inf
08:39:09 | WARNING | [ROBUSTNESS] Dropped non-finite score for strategy 900000125: inf
08:39:09 | WARNING | [ROBUSTNESS] Dropped non-finite score for strategy 900000126: inf
08:39:09 | WARNING | [ROBUSTNESS] Dropped non-finite score for strategy 900000128: inf
08:39:09 | WARNING | [ROBUSTNESS] Dropped non-finite score for strategy 900000129: inf
08:39:09 | WARNING | [ROBUSTNESS] Dropped non-finite score for strategy 900000130: inf
08:39:09 | WARNING | [ROBUSTNESS] Dropped non-finite score for strategy 900000131: inf
08:39:09 | WARNING | [ROBUSTNESS] Dropped non-finite score for strategy 900000132: inf
08:39:09 | WARNING | [ROBUSTNESS] Dropped non-finite score for strategy 900000133: inf
08:39:09 | WARNING | [ROBUSTNESS] Dropped non-finite score for strategy 900000134: inf
08:39:09 | WARNING | [ROBUSTNESS] Dropped non-finite score for strategy 900000135: inf
08:39:09 | WARNING | [ROBUSTNESS] Dropped non-finite score for strategy 900000136: inf
08:39:09 | WARNING | [ROBUSTNESS] Dropped non-finite score for strategy 900000137: inf
08:39:09 | WARNING | [ROBUSTNESS] Dropped non-finite score for strategy 900000138: inf
08:39:09 | WARNING | [ROBUSTNESS] Dropped non-finite score for strategy 900000139: inf
08:39:09 | WARNING | [ROBUSTNESS] Dropped non-finite score for strategy 900000141: inf
08:39:09 | WARNING | [ROBUSTNESS] Dropped non-finite score for strategy 900000142: inf
08:39:09 | WARNING | [ROBUSTNESS] Dropped non-finite score for strategy 900000143: inf
08:39:09 | WARNING | [ROBUSTNESS] Dropped non-finite score for strategy 900000144: inf
08:39:09 | WARNING | [ROBUSTNESS] Dropped non-finite score for strategy 900000145: inf
08:39:09 | WARNING | [ROBUSTNESS] Dropped non-finite score for strategy 900000146: inf
08:39:09 | WARNING | [ROBUSTNESS] Dropped non-finite score for strategy 900000147: inf
08:39:09 | WARNING | [ROBUSTNESS] Dropped non-finite score for strategy 900000150: inf
08:39:09 | WARNING | [ROBUSTNESS] Dropped non-finite score for strategy 900000151: inf
08:39:09 | WARNING | [ROBUSTNESS] Dropped non-finite score for strategy 900000152: inf
08:39:09 | WARNING | [ROBUSTNESS] Dropped non-finite score for strategy 900000153: inf
08:39:09 | WARNING | [ROBUSTNESS] Dropped non-finite score for strategy 900000154: inf
08:39:09 | WARNING | [ROBUSTNESS] Dropped non-finite score for strategy 900000155: inf
08:39:09 | WARNING | [ROBUSTNESS] Dropped non-finite score for strategy 900000156: inf
08:39:09 | WARNING | [ROBUSTNESS] Dropped non-finite score for strategy 900000157: inf
08:39:09 | WARNING | [ROBUSTNESS] Dropped non-finite score for strategy 900000158: inf
08:39:09 | WARNING | [ROBUSTNESS] Dropped non-finite score for strategy 900000159: inf
08:39:09 | WARNING | [ROBUSTNESS] Dropped non-finite score for strategy 900000160: inf
08:39:09 | WARNING | [ROBUSTNESS] Dropped non-finite score for strategy 900000165: inf
08:39:09 | WARNING | [ROBUSTNESS] Dropped non-finite score for strategy 900000166: inf
08:39:09 | WARNING | [ROBUSTNESS] Dropped non-finite score for strategy 900000167: inf
08:39:09 | WARNING | [ROBUSTNESS] Dropped non-finite score for strategy 900000168: inf
08:39:09 | WARNING | [ROBUSTNESS] Dropped non-finite score for strategy 900000171: inf
08:39:09 | WARNING | [ROBUSTNESS] Dropped non-finite score for strategy 900000172: inf
08:39:09 | WARNING | [ROBUSTNESS] Dropped non-finite score for strategy 900000173: inf
08:39:09 | WARNING | [ROBUSTNESS] Dropped non-finite score for strategy 900000174: inf
08:39:09 | WARNING | [ROBUSTNESS] Dropped non-finite score for strategy 900000175: inf
08:39:09 | WARNING | [ROBUSTNESS] Dropped non-finite score for strategy 900000176: inf
08:39:09 | WARNING | [ROBUSTNESS] Dropped non-finite score for strategy 900000177: inf
08:39:09 | WARNING | [ROBUSTNESS] Dropped non-finite score for strategy 900000178: inf
08:39:09 | WARNING | [ROBUSTNESS] Dropped non-finite score for strategy 900000179: inf
08:39:09 | WARNING | [ROBUSTNESS] Dropped non-finite score for strategy 900000180: inf
08:39:09 | WARNING | [ROBUSTNESS] Dropped non-finite score for strategy 900000181: inf
08:39:09 | WARNING | [ROBUSTNESS] Dropped non-finite score for strategy 900000182: inf
08:39:10 | INFO | [ROBUSTNESS] Consensus ranking enabled (pre-elite, top_k=12, seeds=[41, 42, 43], mode=mean_std, runs=150)
08:39:19 | INFO | [ROBUSTNESS] Consensus re-scored strategies: 12/37 (pre-elite).
08:39:19 | INFO | [ELITE] Round 1/2: generated=120 parents=10 rank10_nominal=0.013886 target=0.013886
08:39:22 | INFO | [ELITE] Round 1: full_eval=18.
08:39:23 | INFO | [ELITE] Round 1: added 5 strategy(ies) above threshold.
08:39:23 | INFO | [ROBUSTNESS] Consensus ranking enabled (post-elite-r1, top_k=12, seeds=[41, 42, 43], mode=mean_std, runs=150)
08:39:31 | INFO | [ROBUSTNESS] Consensus re-scored strategies: 12/42 (post-elite-r1).
08:39:31 | INFO | [ROBUSTNESS] Family diversity reordering applied (top_k=12, max_per_family=4).
08:39:31 | INFO | [ELITE] Round 2/2: generated=120 parents=10 rank10_nominal=0.012652 target=0.012652
08:39:33 | INFO | [ELITE] Round 2: full_eval=5.
08:39:34 | INFO | [ELITE] Round 2: added 4 strategy(ies) above threshold.
08:39:34 | INFO | [ROBUSTNESS] Consensus ranking enabled (post-elite-r2, top_k=12, seeds=[41, 42, 43], mode=mean_std, runs=150)
08:39:38 | INFO | [ROBUSTNESS] Consensus re-scored strategies: 12/46 (post-elite-r2).
08:39:38 | INFO | [ROBUSTNESS] Family diversity reordering applied (top_k=12, max_per_family=4).
08:39:38 | INFO | \U0001f3c6 Best Strategy ID: 900000287 (ELITE) - Score: 0.02912
08:39:38 | INFO |    [Block 5] Full pass on 18 survivors (n_full=150)...
08:39:38 | INFO | Running robustness tests on 18 strategies (ThreadPoolExecutor with 4 workers)...
08:39:44 | WARNING | [ROBUSTNESS] Dropped non-finite score for strategy 5294: inf
08:39:44 | WARNING | [ROBUSTNESS] Dropped non-finite score for strategy 5299: inf
08:39:44 | WARNING | [ROBUSTNESS] Dropped non-finite score for strategy 5277: inf
08:39:44 | WARNING | [ROBUSTNESS] Dropped non-finite score for strategy 5278: inf
08:39:44 | WARNING | [ROBUSTNESS] Dropped non-finite score for strategy 5282: inf
08:39:44 | INFO | [ROBUSTNESS] Consensus ranking enabled (pre-elite, top_k=12, seeds=[41, 42, 43], mode=mean_std, runs=150)
08:39:53 | INFO | [ROBUSTNESS] Consensus re-scored strategies: 12/13 (pre-elite).
08:39:53 | INFO | [ROBUSTNESS] Family diversity reordering applied (top_k=12, max_per_family=4).
08:39:53 | INFO | [ELITE] Round 1/2: generated=120 parents=10 rank10_nominal=0.014154 target=0.014154
08:40:01 | INFO | [ELITE] Round 1: full_eval=36.
08:40:12 | INFO | [ELITE] Round 1: added 19 strategy(ies) above threshold.
08:40:12 | INFO | [ROBUSTNESS] Consensus ranking enabled (post-elite-r1, top_k=12, seeds=[41, 42, 43], mode=mean_std, runs=150)
08:40:18 | INFO | [ROBUSTNESS] Consensus re-scored strategies: 12/32 (post-elite-r1).
08:40:18 | INFO | [ROBUSTNESS] Family diversity reordering applied (top_k=12, max_per_family=4).
08:40:18 | INFO | [ELITE] Round 2/2: generated=120 parents=10 rank10_nominal=0.012829 target=0.012829
08:40:26 | INFO | [ELITE] Round 2: full_eval=36.
08:40:37 | INFO | [ELITE] Round 2: added 3 strategy(ies) above threshold.
08:40:37 | INFO | [ROBUSTNESS] Consensus ranking enabled (post-elite-r2, top_k=12, seeds=[41, 42, 43], mode=mean_std, runs=150)
08:40:39 | INFO | [ROBUSTNESS] Consensus re-scored strategies: 12/35 (post-elite-r2).
08:40:39 | INFO | [ROBUSTNESS] Family diversity reordering applied (top_k=12, max_per_family=4).
08:40:39 | INFO | \U0001f3c6 Best Strategy ID: 900000351 (ELITE) - Score: 0.02911
08:40:39 | INFO | [Block 5] Best strategy ready: RMSE=0.02911 blocks=5
08:40:39 | INFO |    [Block 4] Mining found 81 strategies.
08:40:39 | INFO |    [Block 4] Running screening on 81 strategies...
08:40:39 | INFO | Running robustness tests on 81 strategies (ThreadPoolExecutor with 4 workers)...
08:40:46 | WARNING | [ROBUSTNESS] Dropped non-finite score for strategy 4000: inf
08:40:46 | WARNING | [ROBUSTNESS] Dropped non-finite score for strategy 4001: inf
08:40:46 | WARNING | [ROBUSTNESS] Dropped non-finite score for strategy 4002: inf
08:40:46 | WARNING | [ROBUSTNESS] Dropped non-finite score for strategy 4003: inf
08:40:46 | WARNING | [ROBUSTNESS] Dropped non-finite score for strategy 4004: inf
08:40:46 | WARNING | [ROBUSTNESS] Dropped non-finite score for strategy 4005: inf
08:40:46 | WARNING | [ROBUSTNESS] Dropped non-finite score for strategy 4006: inf
08:40:46 | WARNING | [ROBUSTNESS] Dropped non-finite score for strategy 4007: inf
08:40:46 | WARNING | [ROBUSTNESS] Dropped non-finite score for strategy 4008: inf
08:40:46 | WARNING | [ROBUSTNESS] Dropped non-finite score for strategy 4009: inf
08:40:46 | WARNING | [ROBUSTNESS] Dropped non-finite score for strategy 4010: inf
08:40:46 | WARNING | [ROBUSTNESS] Dropped non-finite score for strategy 4011: inf
08:40:46 | WARNING | [ROBUSTNESS] Dropped non-finite score for strategy 4012: inf
08:40:46 | WARNING | [ROBUSTNESS] Dropped non-finite score for strategy 4013: inf
08:40:46 | WARNING | [ROBUSTNESS] Dropped non-finite score for strategy 4014: inf
08:40:46 | WARNING | [ROBUSTNESS] Dropped non-finite score for strategy 4015: inf
08:40:46 | WARNING | [ROBUSTNESS] Dropped non-finite score for strategy 4016: inf
08:40:46 | WARNING | [ROBUSTNESS] Dropped non-finite score for strategy 4017: inf
08:40:46 | WARNING | [ROBUSTNESS] Dropped non-finite score for strategy 4018: inf
08:40:46 | WARNING | [ROBUSTNESS] Dropped non-finite score for strategy 4019: inf
08:40:46 | WARNING | [ROBUSTNESS] Dropped non-finite score for strategy 4020: inf
08:40:46 | WARNING | [ROBUSTNESS] Dropped non-finite score for strategy 4021: inf
08:40:46 | WARNING | [ROBUSTNESS] Dropped non-finite score for strategy 4022: inf
08:40:46 | WARNING | [ROBUSTNESS] Dropped non-finite score for strategy 4023: inf
08:40:46 | WARNING | [ROBUSTNESS] Dropped non-finite score for strategy 4024: inf
08:40:46 | WARNING | [ROBUSTNESS] Dropped non-finite score for strategy 4025: inf
08:40:46 | WARNING | [ROBUSTNESS] Dropped non-finite score for strategy 4026: inf
08:40:46 | WARNING | [ROBUSTNESS] Dropped non-finite score for strategy 4100: inf
08:40:46 | WARNING | [ROBUSTNESS] Dropped non-finite score for strategy 4101: inf
08:40:46 | WARNING | [ROBUSTNESS] Dropped non-finite score for strategy 4102: inf
08:40:46 | WARNING | [ROBUSTNESS] Dropped non-finite score for strategy 4103: inf
08:40:46 | WARNING | [ROBUSTNESS] Dropped non-finite score for strategy 4104: inf
08:40:46 | WARNING | [ROBUSTNESS] Dropped non-finite score for strategy 4105: inf
08:40:46 | WARNING | [ROBUSTNESS] Dropped non-finite score for strategy 4106: inf
08:40:46 | WARNING | [ROBUSTNESS] Dropped non-finite score for strategy 4107: inf
08:40:46 | WARNING | [ROBUSTNESS] Dropped non-finite score for strategy 4108: inf
08:40:46 | WARNING | [ROBUSTNESS] Dropped non-finite score for strategy 4109: inf
08:40:46 | WARNING | [ROBUSTNESS] Dropped non-finite score for strategy 4110: inf
08:40:46 | WARNING | [ROBUSTNESS] Dropped non-finite score for strategy 4111: inf
08:40:46 | WARNING | [ROBUSTNESS] Dropped non-finite score for strategy 4112: inf
08:40:46 | WARNING | [ROBUSTNESS] Dropped non-finite score for strategy 4113: inf
08:40:46 | WARNING | [ROBUSTNESS] Dropped non-finite score for strategy 4114: inf
08:40:46 | WARNING | [ROBUSTNESS] Dropped non-finite score for strategy 4115: inf
08:40:46 | WARNING | [ROBUSTNESS] Dropped non-finite score for strategy 4116: inf
08:40:46 | WARNING | [ROBUSTNESS] Dropped non-finite score for strategy 4117: inf
08:40:46 | WARNING | [ROBUSTNESS] Dropped non-finite score for strategy 4118: inf
08:40:46 | WARNING | [ROBUSTNESS] Dropped non-finite score for strategy 4119: inf
08:40:46 | WARNING | [ROBUSTNESS] Dropped non-finite score for strategy 4120: inf
08:40:46 | WARNING | [ROBUSTNESS] Dropped non-finite score for strategy 4121: inf
08:40:46 | WARNING | [ROBUSTNESS] Dropped non-finite score for strategy 4122: inf
08:40:46 | WARNING | [ROBUSTNESS] Dropped non-finite score for strategy 4123: inf
08:40:46 | WARNING | [ROBUSTNESS] Dropped non-finite score for strategy 4124: inf
08:40:46 | WARNING | [ROBUSTNESS] Dropped non-finite score for strategy 4125: inf
08:40:46 | WARNING | [ROBUSTNESS] Dropped non-finite score for strategy 4126: inf
08:40:46 | WARNING | [ROBUSTNESS] Dropped non-finite score for strategy 4200: inf
08:40:46 | WARNING | [ROBUSTNESS] Dropped non-finite score for strategy 4201: inf
08:40:46 | WARNING | [ROBUSTNESS] Dropped non-finite score for strategy 4202: inf
08:40:46 | WARNING | [ROBUSTNESS] Dropped non-finite score for strategy 4203: inf
08:40:46 | WARNING | [ROBUSTNESS] Dropped non-finite score for strategy 4204: inf
08:40:46 | WARNING | [ROBUSTNESS] Dropped non-finite score for strategy 4205: inf
08:40:46 | WARNING | [ROBUSTNESS] Dropped non-finite score for strategy 4206: inf
08:40:46 | WARNING | [ROBUSTNESS] Dropped non-finite score for strategy 4207: inf
08:40:46 | WARNING | [ROBUSTNESS] Dropped non-finite score for strategy 4208: inf
08:40:46 | WARNING | [ROBUSTNESS] Dropped non-finite score for strategy 4209: inf
08:40:46 | WARNING | [ROBUSTNESS] Dropped non-finite score for strategy 4210: inf
08:40:46 | WARNING | [ROBUSTNESS] Dropped non-finite score for strategy 4211: inf
08:40:46 | WARNING | [ROBUSTNESS] Dropped non-finite score for strategy 4212: inf
08:40:46 | WARNING | [ROBUSTNESS] Dropped non-finite score for strategy 4213: inf
08:40:46 | WARNING | [ROBUSTNESS] Dropped non-finite score for strategy 4214: inf
08:40:46 | WARNING | [ROBUSTNESS] Dropped non-finite score for strategy 4215: inf
08:40:46 | WARNING | [ROBUSTNESS] Dropped non-finite score for strategy 4216: inf
08:40:46 | WARNING | [ROBUSTNESS] Dropped non-finite score for strategy 4217: inf
08:40:46 | WARNING | [ROBUSTNESS] Dropped non-finite score for strategy 4218: inf
08:40:46 | WARNING | [ROBUSTNESS] Dropped non-finite score for strategy 4219: inf
08:40:46 | WARNING | [ROBUSTNESS] Dropped non-finite score for strategy 4220: inf
08:40:46 | WARNING | [ROBUSTNESS] Dropped non-finite score for strategy 4221: inf
08:40:46 | WARNING | [ROBUSTNESS] Dropped non-finite score for strategy 4222: inf
08:40:46 | WARNING | [ROBUSTNESS] Dropped non-finite score for strategy 4223: inf
08:40:46 | WARNING | [ROBUSTNESS] Dropped non-finite score for strategy 4224: inf
08:40:46 | WARNING | [ROBUSTNESS] Dropped non-finite score for strategy 4225: inf
08:40:46 | WARNING | [ROBUSTNESS] Dropped non-finite score for strategy 4226: inf
08:40:46 | ERROR | [ROBUSTNESS] \U0001f534 AUCUNE des 81 strategies ne tient sous 5% de depots non terminables. Le taux se compose sur la hauteur de l'empilement : le meilleur candidat plante dans 56.0% des tirages. On rend malgre tout le classement par risque croissant — mais AUCUNE de ces strategies n'est utilisable en l'etat, et le composant demande vraisemblablement un autre paradigme de monitoring.
08:40:46 | INFO | [ROBUSTNESS] Consensus ranking enabled (pre-elite, top_k=12, seeds=[41, 42, 43], mode=mean_std, runs=150)
08:40:56 | INFO | [ELITE] Round 1/2: generated=47 parents=10 rank10_nominal=0.192208 target=0.192208
08:40:57 | INFO | [ELITE] Round 1: full_eval=22.
08:40:58 | INFO | [ELITE] Round 1: no candidate beat nominal threshold.
08:40:58 | INFO | [ELITE] No candidate added across all rounds.
08:40:58 | INFO | \U0001f3c6 Best Strategy ID: 4202 (SYM) - Score: 0.22922
08:40:58 | INFO |    [Block 4] Screening complete. Results count: 81
08:40:58 | INFO | Running robustness tests on 124 strategies (ThreadPoolExecutor with 4 workers)...
08:41:10 | WARNING | [ROBUSTNESS] Dropped non-finite score for strategy 900000002: inf
08:41:10 | WARNING | [ROBUSTNESS] Dropped non-finite score for strategy 900000003: inf
08:41:10 | WARNING | [ROBUSTNESS] Dropped non-finite score for strategy 900000004: inf
08:41:10 | WARNING | [ROBUSTNESS] Dropped non-finite score for strategy 900000005: inf
08:41:10 | WARNING | [ROBUSTNESS] Dropped non-finite score for strategy 900000006: inf
08:41:10 | WARNING | [ROBUSTNESS] Dropped non-finite score for strategy 900000007: inf
08:41:10 | WARNING | [ROBUSTNESS] Dropped non-finite score for strategy 900000008: inf
08:41:10 | WARNING | [ROBUSTNESS] Dropped non-finite score for strategy 900000010: inf
08:41:10 | WARNING | [ROBUSTNESS] Dropped non-finite score for strategy 900000011: inf
08:41:10 | WARNING | [ROBUSTNESS] Dropped non-finite score for strategy 900000012: inf
08:41:10 | WARNING | [ROBUSTNESS] Dropped non-finite score for strategy 900000013: inf
08:41:10 | WARNING | [ROBUSTNESS] Dropped non-finite score for strategy 900000014: inf
08:41:10 | WARNING | [ROBUSTNESS] Dropped non-finite score for strategy 900000015: inf
08:41:10 | WARNING | [ROBUSTNESS] Dropped non-finite score for strategy 900000017: inf
08:41:10 | WARNING | [ROBUSTNESS] Dropped non-finite score for strategy 900000018: inf
08:41:10 | WARNING | [ROBUSTNESS] Dropped non-finite score for strategy 900000019: inf
08:41:10 | WARNING | [ROBUSTNESS] Dropped non-finite score for strategy 900000020: inf
08:41:10 | WARNING | [ROBUSTNESS] Dropped non-finite score for strategy 900000021: inf
08:41:10 | WARNING | [ROBUSTNESS] Dropped non-finite score for strategy 900000022: inf
08:41:10 | WARNING | [ROBUSTNESS] Dropped non-finite score for strategy 900000024: inf
08:41:10 | WARNING | [ROBUSTNESS] Dropped non-finite score for strategy 900000025: inf
08:41:10 | WARNING | [ROBUSTNESS] Dropped non-finite score for strategy 900000026: inf
08:41:10 | WARNING | [ROBUSTNESS] Dropped non-finite score for strategy 900000027: inf
08:41:10 | WARNING | [ROBUSTNESS] Dropped non-finite score for strategy 900000028: inf
08:41:10 | WARNING | [ROBUSTNESS] Dropped non-finite score for strategy 900000029: inf
08:41:10 | WARNING | [ROBUSTNESS] Dropped non-finite score for strategy 900000031: inf
08:41:10 | WARNING | [ROBUSTNESS] Dropped non-finite score for strategy 900000032: inf
08:41:10 | WARNING | [ROBUSTNESS] Dropped non-finite score for strategy 900000033: inf
08:41:10 | WARNING | [ROBUSTNESS] Dropped non-finite score for strategy 900000034: inf
08:41:10 | WARNING | [ROBUSTNESS] Dropped non-finite score for strategy 900000035: inf
08:41:10 | WARNING | [ROBUSTNESS] Dropped non-finite score for strategy 900000036: inf
08:41:10 | WARNING | [ROBUSTNESS] Dropped non-finite score for strategy 900000037: inf
08:41:10 | WARNING | [ROBUSTNESS] Dropped non-finite score for strategy 900000038: inf
08:41:10 | WARNING | [ROBUSTNESS] Dropped non-finite score for strategy 900000039: inf
08:41:10 | WARNING | [ROBUSTNESS] Dropped non-finite score for strategy 900000041: inf
08:41:10 | WARNING | [ROBUSTNESS] Dropped non-finite score for strategy 900000042: inf
08:41:10 | WARNING | [ROBUSTNESS] Dropped non-finite score for strategy 900000043: inf
08:41:10 | WARNING | [ROBUSTNESS] Dropped non-finite score for strategy 900000044: inf
08:41:10 | WARNING | [ROBUSTNESS] Dropped non-finite score for strategy 900000045: inf
08:41:10 | WARNING | [ROBUSTNESS] Dropped non-finite score for strategy 900000047: inf
08:41:10 | WARNING | [ROBUSTNESS] Dropped non-finite score for strategy 900000049: inf
08:41:10 | WARNING | [ROBUSTNESS] Dropped non-finite score for strategy 900000050: inf
08:41:10 | WARNING | [ROBUSTNESS] Dropped non-finite score for strategy 900000051: inf
08:41:10 | WARNING | [ROBUSTNESS] Dropped non-finite score for strategy 900000052: inf
08:41:10 | WARNING | [ROBUSTNESS] Dropped non-finite score for strategy 900000053: inf
08:41:10 | WARNING | [ROBUSTNESS] Dropped non-finite score for strategy 900000054: inf
08:41:10 | WARNING | [ROBUSTNESS] Dropped non-finite score for strategy 900000055: inf
08:41:10 | WARNING | [ROBUSTNESS] Dropped non-finite score for strategy 900000056: inf
08:41:10 | WARNING | [ROBUSTNESS] Dropped non-finite score for strategy 900000057: inf
08:41:10 | WARNING | [ROBUSTNESS] Dropped non-finite score for strategy 900000059: inf
08:41:10 | WARNING | [ROBUSTNESS] Dropped non-finite score for strategy 900000061: inf
08:41:10 | WARNING | [ROBUSTNESS] Dropped non-finite score for strategy 900000062: inf
08:41:10 | WARNING | [ROBUSTNESS] Dropped non-finite score for strategy 900000063: inf
08:41:10 | WARNING | [ROBUSTNESS] Dropped non-finite score for strategy 900000064: inf
08:41:10 | WARNING | [ROBUSTNESS] Dropped non-finite score for strategy 900000065: inf
08:41:10 | WARNING | [ROBUSTNESS] Dropped non-finite score for strategy 900000066: inf
08:41:10 | WARNING | [ROBUSTNESS] Dropped non-finite score for strategy 900000067: inf
08:41:10 | WARNING | [ROBUSTNESS] Dropped non-finite score for strategy 900000068: inf
08:41:10 | WARNING | [ROBUSTNESS] Dropped non-finite score for strategy 900000069: inf
08:41:10 | WARNING | [ROBUSTNESS] Dropped non-finite score for strategy 900000071: inf
08:41:10 | WARNING | [ROBUSTNESS] Dropped non-finite score for strategy 900000073: inf
08:41:10 | WARNING | [ROBUSTNESS] Dropped non-finite score for strategy 900000074: inf
08:41:10 | WARNING | [ROBUSTNESS] Dropped non-finite score for strategy 900000075: inf
08:41:10 | WARNING | [ROBUSTNESS] Dropped non-finite score for strategy 900000076: inf
08:41:10 | WARNING | [ROBUSTNESS] Dropped non-finite score for strategy 900000077: inf
08:41:10 | WARNING | [ROBUSTNESS] Dropped non-finite score for strategy 900000078: inf
08:41:10 | WARNING | [ROBUSTNESS] Dropped non-finite score for strategy 900000079: inf
08:41:10 | WARNING | [ROBUSTNESS] Dropped non-finite score for strategy 900000080: inf
08:41:10 | WARNING | [ROBUSTNESS] Dropped non-finite score for strategy 900000081: inf
08:41:10 | WARNING | [ROBUSTNESS] Dropped non-finite score for strategy 900000083: inf
08:41:10 | WARNING | [ROBUSTNESS] Dropped non-finite score for strategy 900000084: inf
08:41:10 | WARNING | [ROBUSTNESS] Dropped non-finite score for strategy 900000085: inf
08:41:10 | WARNING | [ROBUSTNESS] Dropped non-finite score for strategy 900000086: inf
08:41:10 | WARNING | [ROBUSTNESS] Dropped non-finite score for strategy 900000088: inf
08:41:10 | WARNING | [ROBUSTNESS] Dropped non-finite score for strategy 900000089: inf
08:41:10 | WARNING | [ROBUSTNESS] Dropped non-finite score for strategy 900000090: inf
08:41:10 | WARNING | [ROBUSTNESS] Dropped non-finite score for strategy 900000091: inf
08:41:10 | WARNING | [ROBUSTNESS] Dropped non-finite score for strategy 900000092: inf
08:41:10 | WARNING | [ROBUSTNESS] Dropped non-finite score for strategy 900000093: inf
08:41:10 | WARNING | [ROBUSTNESS] Dropped non-finite score for strategy 900000094: inf
08:41:10 | WARNING | [ROBUSTNESS] Dropped non-finite score for strategy 900000095: inf
08:41:10 | WARNING | [ROBUSTNESS] Dropped non-finite score for strategy 900000096: inf
08:41:10 | WARNING | [ROBUSTNESS] Dropped non-finite score for strategy 900000097: inf
08:41:10 | WARNING | [ROBUSTNESS] Dropped non-finite score for strategy 900000098: inf
08:41:10 | WARNING | [ROBUSTNESS] Dropped non-finite score for strategy 900000099: inf
08:41:10 | WARNING | [ROBUSTNESS] Dropped non-finite score for strategy 900000101: inf
08:41:10 | WARNING | [ROBUSTNESS] Dropped non-finite score for strategy 900000102: inf
08:41:10 | WARNING | [ROBUSTNESS] Dropped non-finite score for strategy 900000103: inf
08:41:10 | WARNING | [ROBUSTNESS] Dropped non-finite score for strategy 900000104: inf
08:41:10 | WARNING | [ROBUSTNESS] Dropped non-finite score for strategy 900000105: inf
08:41:10 | WARNING | [ROBUSTNESS] Dropped non-finite score for strategy 900000106: inf
08:41:10 | WARNING | [ROBUSTNESS] Dropped non-finite score for strategy 900000108: inf
08:41:10 | WARNING | [ROBUSTNESS] Dropped non-finite score for strategy 900000109: inf
08:41:10 | WARNING | [ROBUSTNESS] Dropped non-finite score for strategy 900000110: inf
08:41:10 | WARNING | [ROBUSTNESS] Dropped non-finite score for strategy 900000111: inf
08:41:10 | WARNING | [ROBUSTNESS] Dropped non-finite score for strategy 900000112: inf
08:41:10 | WARNING | [ROBUSTNESS] Dropped non-finite score for strategy 900000114: inf
08:41:10 | WARNING | [ROBUSTNESS] Dropped non-finite score for strategy 900000115: inf
08:41:10 | WARNING | [ROBUSTNESS] Dropped non-finite score for strategy 900000116: inf
08:41:10 | WARNING | [ROBUSTNESS] Dropped non-finite score for strategy 900000117: inf
08:41:10 | WARNING | [ROBUSTNESS] Dropped non-finite score for strategy 900000118: inf
08:41:10 | WARNING | [ROBUSTNESS] Dropped non-finite score for strategy 900000120: inf
08:41:10 | WARNING | [ROBUSTNESS] Dropped non-finite score for strategy 900000121: inf
08:41:10 | WARNING | [ROBUSTNESS] Dropped non-finite score for strategy 900000122: inf
08:41:10 | WARNING | [ROBUSTNESS] Dropped non-finite score for strategy 900000123: inf
08:41:10 | WARNING | [ROBUSTNESS] Dropped non-finite score for strategy 900000124: inf
08:41:10 | INFO | [ROBUSTNESS] Consensus ranking enabled (pre-elite, top_k=12, seeds=[41, 42, 43], mode=mean_std, runs=150)
08:41:19 | INFO | [ROBUSTNESS] Consensus re-scored strategies: 12/18 (pre-elite).
08:41:19 | INFO | [ELITE] Round 1/2: generated=114 parents=10 rank10_nominal=0.014549 target=0.014549
08:41:21 | INFO | [ELITE] Round 1: full_eval=4.
08:41:22 | INFO | [ELITE] Round 1: added 4 strategy(ies) above threshold.
08:41:22 | INFO | [ROBUSTNESS] Consensus ranking enabled (post-elite-r1, top_k=12, seeds=[41, 42, 43], mode=mean_std, runs=150)
08:41:25 | INFO | [ROBUSTNESS] Consensus re-scored strategies: 12/22 (post-elite-r1).
08:41:25 | INFO | [ELITE] Round 2/2: generated=113 parents=10 rank10_nominal=0.014508 target=0.014508
08:41:27 | INFO | [ELITE] Round 2: full_eval=3.
08:41:28 | INFO | [ELITE] Round 2: added 3 strategy(ies) above threshold.
08:41:28 | INFO | [ROBUSTNESS] Consensus ranking enabled (post-elite-r2, top_k=12, seeds=[41, 42, 43], mode=mean_std, runs=150)
08:41:30 | INFO | [ROBUSTNESS] Consensus re-scored strategies: 12/25 (post-elite-r2).
08:41:30 | INFO | \U0001f3c6 Best Strategy ID: 900000131 (ELITE) - Score: 0.03652
08:41:30 | INFO |    [Block 4] Full pass on 14 survivors (n_full=150)...
08:41:30 | INFO | Running robustness tests on 14 strategies (ThreadPoolExecutor with 4 workers)...
08:41:35 | WARNING | [ROBUSTNESS] Dropped non-finite score for strategy 4202: inf
08:41:35 | WARNING | [ROBUSTNESS] Dropped non-finite score for strategy 4220: inf
08:41:35 | WARNING | [ROBUSTNESS] Dropped non-finite score for strategy 4214: inf
08:41:35 | WARNING | [ROBUSTNESS] Dropped non-finite score for strategy 4216: inf
08:41:35 | INFO | [ROBUSTNESS] Consensus ranking enabled (pre-elite, top_k=10, seeds=[41, 42, 43], mode=mean_std, runs=150)
08:41:44 | INFO | [ROBUSTNESS] Consensus re-scored strategies: 10/10 (pre-elite).
08:41:44 | INFO | [ELITE] Round 1/2: generated=120 parents=10 rank10_nominal=0.014309 target=0.014309
08:41:52 | INFO | [ELITE] Round 1: full_eval=21.
08:41:58 | INFO | [ELITE] Round 1: added 3 strategy(ies) above threshold.
08:41:58 | INFO | [ROBUSTNESS] Consensus ranking enabled (post-elite-r1, top_k=12, seeds=[41, 42, 43], mode=mean_std, runs=150)
08:42:00 | INFO | [ROBUSTNESS] Consensus re-scored strategies: 12/13 (post-elite-r1).
08:42:00 | INFO | [ELITE] Round 2/2: generated=119 parents=10 rank10_nominal=0.014141 target=0.014141
08:42:07 | INFO | [ELITE] Round 2: full_eval=19.
08:42:12 | INFO | [ELITE] Round 2: added 1 strategy(ies) above threshold.
08:42:12 | INFO | [ROBUSTNESS] Consensus ranking enabled (post-elite-r2, top_k=12, seeds=[41, 42, 43], mode=mean_std, runs=150)
08:42:13 | INFO | [ROBUSTNESS] Consensus re-scored strategies: 12/14 (post-elite-r2).
08:42:13 | INFO | \U0001f3c6 Best Strategy ID: 900000131 (ELITE) - Score: 0.03652
08:42:13 | INFO | [Block 4] Best strategy ready: RMSE=0.03652 blocks=4
08:42:13 | INFO |    [Block 3] Mining returned 0 strategies.
08:42:14 | INFO |    [Block 2] Mining returned 0 strategies.
08:42:14 | INFO |    [Block 1] Mining returned 0 strategies.
Traceback (most recent call last):
  File "C:\dev\CERTUS\0108\certus\ui\certus_strat_ui_events.py", line 46, in timerEvent
    self.process_plot_queue()
    ~~~~~~~~~~~~~~~~~~~~~~~^^
  File "C:\dev\CERTUS\0108\certus\ui\certus_strat_ui_plot.py", line 145, in process_plot_queue
    plot_win = UniversalPlotWindow(self, data_obj, fig_type)
  File "C:\dev\CERTUS\0108\certus\ui\certus_strat_plots_ui.py", line 422, in __init__
    self._init_strategies_plot(data_obj)
    ~~~~~~~~~~~~~~~~~~~~~~~~~~^^^^^^^^^^
  File "C:\dev\CERTUS\0108\certus\ui\certus_strat_plots_ui.py", line 776, in _init_strategies_plot
    win = InteractiveHeatmapWindow(self, heatmap_data if heatmap_data else {})
          ^^^^^^^^^^^^^^^^^^^^^^^^
NameError: name 'InteractiveHeatmapWindow' is not defined
Traceback (most recent call last):
  File "C:\dev\CERTUS\0108\certus\ui\certus_strat_ui_export.py", line 180, in on_excel_ready
    "app_version": __version__,
                   ^^^^^^^^^^^
NameError: name '__version__' is not defined
WAIT_EXIT=finished
STRAT_N_STRATEGIES=194
STRAT_CRASH_ELIMINATED=6/194
STRAT_CRASH_RATE_MIN=0.0000 MEDIAN=0.0000
STRAT_RANK00 id=900000351 origin=ELITE score=0.029111 crash=0.0000 elim=False nblocks=5 nwl=5 wl=[548,488,466,476,453]
STRAT_RANK01 id=900000287 origin=ELITE score=0.029121 crash=0.0000 elim=False nblocks=5 nwl=5 wl=[549,488,466,476,453]
STRAT_RANK02 id=900000280 origin=ELITE score=0.029144 crash=0.0000 elim=False nblocks=5 nwl=5 wl=[550,488,466,476,453]
STRAT_RANK03 id=900000169 origin=SMART_MERGE_MIXED (from ID 900000447) score=0.029174 crash=0.0000 elim=False nblocks=5 nwl=5 wl=[551,488,466,476,453]
STRAT_RANK04 id=900000005 origin=SMART_MERGE_MIXED (from ID 900000530) score=0.029219 crash=0.0000 elim=False nblocks=5 nwl=5 wl=[552,488,466,476,453]
STRAT_RANK05 id=900000356 origin=ELITE score=0.029230 crash=0.0000 elim=False nblocks=5 nwl=5 wl=[549,488,466,475,453]
STRAT_RANK06 id=900000372 origin=ELITE score=0.029247 crash=0.0000 elim=False nblocks=5 nwl=5 wl=[550,488,466,475,453]
STRAT_RANK07 id=900000097 origin=SMART_MERGE_MIXED (from ID 900000585) score=0.029277 crash=0.0000 elim=False nblocks=5 nwl=5 wl=[553,488,466,476,453]
STRAT_RANK08 id=900000285 origin=ELITE score=0.029278 crash=0.0000 elim=False nblocks=5 nwl=5 wl=[551,488,466,475,453]
STRAT_RANK09 id=900000162 origin=SMART_MERGE_MIXED (from ID 900000579) score=0.029279 crash=0.0000 elim=False nblocks=5 nwl=5 wl=[554,488,466,476,453]
SETUP_S=0.889  RUN_S=818.203  RESULT=0.02911052295573807
PROBE_WRITTEN=C:\dev\CERTUS\0108\reports\probe_block_wls.json
PROBE_BLOCS_VALIDES=383  AVEC_10=191
PROBE_SPAN_NM (blocs a 10 candidats) min=18.0 p25=30.0 median=36.0 p75=54.0 max=250.0
PROBE_REGIONS_20NM sur 10 candidats min=1 median=2 max=4 mean=2.41
